id_evento,nombre,fecha,hora,modalidad,visibilidad,detalle
1,graduation ceremony,6/24/2024,14,online,friends,Wedding
2,graduation ceremony,5/16/2024,21,onsite,private,Wedding
3,anniversary celebration,7/2/2024,13,hybrid,public,Wedding
4,birthday party,8/15/2024,15,offline,friends,Concert
5,graduation ceremony,2/24/2025,11,online,custom,Concert
6,graduation ceremony,8/6/2024,10,onsite,public,Conference
7,baby shower,2/15/2025,17,hybrid,public,Birthday Party
8,wedding,10/26/2024,12,offline,custom,Concert
9,graduation ceremony,6/20/2024,2,online,friends,Wedding
10,graduation ceremony,8/30/2024,5,online,public,Conference
11,baby shower,8/13/2024,17,onsite,public,Concert
12,anniversary celebration,12/11/2024,3,online,public,Wedding
13,wedding,3/4/2024,22,hybrid,custom,Conference
14,birthday party,11/25/2024,19,hybrid,friends,Festival
15,birthday party,8/16/2024,21,hybrid,private,Concert
16,anniversary celebration,7/4/2024,3,hybrid,public,Wedding
17,anniversary celebration,4/1/2024,17,onsite,public,Birthday Party
18,graduation ceremony,9/2/2024,16,offline,public,Festival
19,anniversary celebration,4/7/2024,10,hybrid,friends,Wedding
20,wedding,4/12/2024,14,offline,friends,Festival
21,wedding,11/26/2024,15,onsite,friends,Birthday Party
22,birthday party,5/31/2024,5,offline,custom,Concert
23,baby shower,11/23/2024,19,hybrid,public,Festival
24,graduation ceremony,2/3/2025,1,online,public,Conference
25,graduation ceremony,9/2/2024,4,online,private,Conference
26,graduation ceremony,6/29/2024,9,hybrid,public,Conference
27,baby shower,5/12/2024,20,offline,public,Birthday Party
28,graduation ceremony,2/10/2025,15,onsite,public,Wedding
29,wedding,6/27/2024,19,offline,private,Festival
30,graduation ceremony,12/12/2024,1,onsite,friends,Concert
31,anniversary celebration,5/28/2024,13,online,private,Festival
32,wedding,3/18/2024,4,offline,public,Wedding
33,birthday party,10/17/2024,5,onsite,friends,Birthday Party
34,baby shower,3/12/2024,18,online,private,Festival
35,wedding,6/15/2024,1,onsite,custom,Conference
36,anniversary celebration,3/26/2024,10,online,custom,Wedding
37,baby shower,10/16/2024,15,hybrid,custom,Conference
38,wedding,3/23/2024,17,online,friends,Wedding
39,anniversary celebration,6/14/2024,16,hybrid,private,Wedding
40,graduation ceremony,6/27/2024,22,hybrid,private,Concert
41,anniversary celebration,10/3/2024,7,onsite,friends,Festival
42,birthday party,10/1/2024,21,hybrid,public,Concert
43,graduation ceremony,9/27/2024,23,online,friends,Birthday Party
44,wedding,3/5/2024,23,offline,friends,Wedding
45,birthday party,3/17/2024,20,hybrid,private,Wedding
46,baby shower,7/28/2024,4,online,friends,Wedding
47,anniversary celebration,11/14/2024,12,hybrid,private,Wedding
48,anniversary celebration,8/12/2024,1,online,custom,Conference
49,baby shower,8/29/2024,23,online,private,Wedding
50,baby shower,3/18/2024,22,onsite,private,Concert
51,baby shower,6/17/2024,15,onsite,friends,Wedding
52,anniversary celebration,3/18/2024,8,hybrid,private,Festival
53,wedding,1/4/2025,19,hybrid,private,Birthday Party
54,birthday party,9/25/2024,0,hybrid,friends,Wedding
55,anniversary celebration,12/26/2024,20,online,custom,Festival
56,wedding,5/24/2024,22,hybrid,custom,Festival
57,baby shower,12/25/2024,9,hybrid,friends,Conference
58,anniversary celebration,11/24/2024,22,onsite,custom,Festival
59,graduation ceremony,5/6/2024,5,offline,custom,Festival
60,birthday party,4/19/2024,9,offline,public,Concert
61,baby shower,5/29/2024,10,offline,custom,Festival
62,baby shower,10/18/2024,11,hybrid,custom,Wedding
63,wedding,12/19/2024,7,offline,public,Wedding
64,graduation ceremony,9/17/2024,18,offline,friends,Conference
65,wedding,1/26/2025,1,offline,private,Concert
66,anniversary celebration,2/16/2025,9,onsite,public,Conference
67,graduation ceremony,8/24/2024,9,onsite,friends,Conference
68,graduation ceremony,11/22/2024,0,online,friends,Wedding
69,graduation ceremony,1/2/2025,14,hybrid,custom,Birthday Party
70,graduation ceremony,12/28/2024,12,online,public,Concert
71,graduation ceremony,10/15/2024,18,online,private,Conference
72,graduation ceremony,1/9/2025,12,offline,friends,Wedding
73,wedding,6/2/2024,8,hybrid,friends,Wedding
74,wedding,8/13/2024,20,offline,public,Concert
75,graduation ceremony,10/6/2024,10,online,public,Festival
76,birthday party,2/22/2025,12,hybrid,public,Wedding
77,wedding,8/13/2024,2,hybrid,public,Festival
78,wedding,9/11/2024,3,online,public,Conference
79,graduation ceremony,11/28/2024,14,hybrid,custom,Wedding
80,graduation ceremony,5/7/2024,16,online,private,Concert
81,graduation ceremony,9/2/2024,11,onsite,custom,Wedding
82,anniversary celebration,9/26/2024,6,hybrid,public,Festival
83,baby shower,4/5/2024,19,onsite,custom,Birthday Party
84,graduation ceremony,5/9/2024,12,offline,friends,Birthday Party
85,anniversary celebration,6/3/2024,0,onsite,public,Birthday Party
86,birthday party,3/12/2024,17,hybrid,public,Festival
87,birthday party,5/4/2024,16,offline,friends,Concert
88,anniversary celebration,12/21/2024,7,onsite,friends,Conference
89,baby shower,1/16/2025,15,onsite,private,Birthday Party
90,anniversary celebration,12/15/2024,10,onsite,private,Conference
91,birthday party,1/5/2025,17,hybrid,friends,Festival
92,birthday party,6/5/2024,7,offline,friends,Birthday Party
93,baby shower,6/7/2024,6,online,public,Conference
94,wedding,4/14/2024,11,onsite,public,Conference
95,baby shower,3/31/2024,12,onsite,public,Conference
96,wedding,10/14/2024,9,offline,custom,Birthday Party
97,wedding,6/20/2024,23,hybrid,private,Concert
98,wedding,12/14/2024,3,onsite,public,Wedding
99,anniversary celebration,8/1/2024,8,hybrid,public,Wedding
100,birthday party,11/29/2024,3,online,private,Conference
101,graduation ceremony,2/11/2025,21,offline,custom,Festival
102,baby shower,9/24/2024,1,online,friends,Concert
103,anniversary celebration,9/19/2024,10,offline,friends,Conference
104,graduation ceremony,8/30/2024,4,hybrid,custom,Concert
105,wedding,11/1/2024,16,onsite,public,Conference
106,anniversary celebration,7/1/2024,18,hybrid,friends,Wedding
107,graduation ceremony,9/4/2024,2,online,private,Wedding
108,baby shower,5/29/2024,6,hybrid,public,Wedding
109,anniversary celebration,1/5/2025,14,onsite,public,Conference
110,wedding,10/22/2024,2,online,private,Conference
111,birthday party,12/5/2024,20,offline,custom,Conference
112,graduation ceremony,10/18/2024,6,onsite,custom,Conference
113,anniversary celebration,1/14/2025,8,onsite,private,Festival
114,graduation ceremony,9/20/2024,9,online,friends,Wedding
115,wedding,10/8/2024,6,onsite,custom,Wedding
116,wedding,7/27/2024,7,offline,public,Wedding
117,wedding,6/11/2024,20,hybrid,custom,Festival
118,birthday party,1/24/2025,2,offline,public,Birthday Party
119,graduation ceremony,6/17/2024,5,online,private,Concert
120,graduation ceremony,6/8/2024,5,onsite,friends,Birthday Party
121,anniversary celebration,10/20/2024,2,onsite,custom,Festival
122,baby shower,11/23/2024,3,online,public,Birthday Party
123,graduation ceremony,1/11/2025,8,hybrid,friends,Wedding
124,graduation ceremony,11/26/2024,5,hybrid,public,Concert
125,birthday party,1/7/2025,21,onsite,public,Festival
126,wedding,11/12/2024,10,onsite,custom,Festival
127,baby shower,7/17/2024,8,onsite,private,Concert
128,wedding,6/24/2024,20,hybrid,private,Festival
129,wedding,6/4/2024,7,online,private,Festival
130,anniversary celebration,8/4/2024,3,onsite,friends,Concert
131,wedding,9/15/2024,11,hybrid,public,Conference
132,anniversary celebration,6/3/2024,6,hybrid,custom,Birthday Party
133,graduation ceremony,3/20/2024,16,hybrid,custom,Festival
134,graduation ceremony,7/2/2024,2,hybrid,friends,Wedding
135,graduation ceremony,7/13/2024,11,onsite,custom,Concert
136,birthday party,4/2/2024,13,online,custom,Conference
137,wedding,1/19/2025,20,offline,public,Festival
138,baby shower,8/27/2024,14,hybrid,public,Wedding
139,graduation ceremony,3/9/2024,7,offline,friends,Festival
140,wedding,6/21/2024,23,onsite,custom,Wedding
141,graduation ceremony,8/12/2024,9,hybrid,friends,Birthday Party
142,graduation ceremony,1/15/2025,3,onsite,public,Birthday Party
143,wedding,8/29/2024,16,online,friends,Conference
144,birthday party,11/4/2024,4,onsite,friends,Birthday Party
145,baby shower,10/4/2024,3,hybrid,private,Festival
146,baby shower,5/21/2024,17,hybrid,public,Conference
147,birthday party,11/7/2024,6,onsite,friends,Birthday Party
148,graduation ceremony,3/31/2024,18,hybrid,custom,Birthday Party
149,baby shower,8/28/2024,20,online,private,Conference
150,anniversary celebration,6/23/2024,21,hybrid,friends,Wedding
151,anniversary celebration,7/13/2024,12,offline,public,Wedding
152,graduation ceremony,7/2/2024,17,online,private,Birthday Party
153,wedding,9/1/2024,14,onsite,public,Birthday Party
154,wedding,3/25/2024,23,hybrid,private,Wedding
155,wedding,12/26/2024,17,hybrid,friends,Concert
156,graduation ceremony,11/2/2024,2,hybrid,public,Birthday Party
157,graduation ceremony,6/24/2024,9,online,private,Concert
158,graduation ceremony,5/19/2024,12,hybrid,custom,Festival
159,anniversary celebration,4/1/2024,21,hybrid,custom,Birthday Party
160,wedding,6/15/2024,8,offline,custom,Wedding
161,anniversary celebration,8/1/2024,2,onsite,custom,Wedding
162,graduation ceremony,2/13/2025,13,onsite,custom,Concert
163,wedding,1/21/2025,6,online,friends,Wedding
164,birthday party,12/30/2024,13,hybrid,public,Festival
165,baby shower,2/14/2025,10,onsite,friends,Conference
166,graduation ceremony,10/12/2024,1,onsite,private,Conference
167,graduation ceremony,9/5/2024,6,onsite,public,Birthday Party
168,baby shower,8/26/2024,23,hybrid,private,Wedding
169,baby shower,11/21/2024,13,hybrid,friends,Festival
170,anniversary celebration,3/23/2024,3,onsite,private,Wedding
171,baby shower,3/20/2024,18,online,public,Conference
172,birthday party,10/24/2024,22,offline,friends,Concert
173,anniversary celebration,7/17/2024,10,hybrid,friends,Concert
174,anniversary celebration,10/29/2024,16,hybrid,custom,Festival
175,anniversary celebration,12/11/2024,0,online,public,Festival
176,birthday party,9/9/2024,12,online,private,Festival
177,graduation ceremony,11/11/2024,3,offline,public,Birthday Party
178,graduation ceremony,5/6/2024,14,hybrid,custom,Festival
179,wedding,5/10/2024,21,online,private,Festival
180,wedding,2/2/2025,15,onsite,public,Birthday Party
181,birthday party,1/3/2025,23,hybrid,private,Concert
182,wedding,9/24/2024,7,hybrid,friends,Conference
183,baby shower,2/12/2025,10,online,private,Festival
184,birthday party,8/10/2024,17,onsite,custom,Wedding
185,anniversary celebration,10/19/2024,0,onsite,friends,Conference
186,wedding,9/5/2024,17,hybrid,public,Birthday Party
187,anniversary celebration,10/10/2024,23,onsite,public,Wedding
188,wedding,7/24/2024,19,offline,custom,Birthday Party
189,anniversary celebration,10/29/2024,1,onsite,private,Birthday Party
190,wedding,12/27/2024,5,hybrid,friends,Birthday Party
191,birthday party,4/30/2024,0,hybrid,private,Wedding
192,graduation ceremony,4/4/2024,5,online,public,Concert
193,wedding,6/30/2024,2,onsite,custom,Wedding
194,graduation ceremony,8/13/2024,13,onsite,private,Wedding
195,wedding,5/18/2024,17,online,friends,Wedding
196,wedding,11/25/2024,22,offline,friends,Festival
197,birthday party,11/23/2024,14,online,private,Concert
198,anniversary celebration,3/15/2024,10,onsite,private,Conference
199,birthday party,1/26/2025,17,online,private,Birthday Party
200,birthday party,9/6/2024,7,hybrid,public,Wedding
201,birthday party,2/2/2025,7,hybrid,public,Festival
202,anniversary celebration,10/28/2024,11,offline,private,Concert
203,wedding,5/13/2024,9,offline,public,Wedding
204,graduation ceremony,3/26/2024,16,onsite,private,Conference
205,baby shower,8/19/2024,22,online,private,Wedding
206,graduation ceremony,10/12/2024,16,hybrid,private,Conference
207,graduation ceremony,4/8/2024,6,online,friends,Concert
208,anniversary celebration,1/19/2025,5,online,public,Birthday Party
209,graduation ceremony,9/26/2024,7,onsite,public,Concert
210,wedding,11/8/2024,12,hybrid,friends,Conference
211,birthday party,6/15/2024,9,hybrid,public,Birthday Party
212,wedding,6/24/2024,11,onsite,private,Birthday Party
213,wedding,10/8/2024,2,offline,public,Birthday Party
214,anniversary celebration,11/17/2024,9,hybrid,public,Concert
215,birthday party,4/24/2024,11,onsite,public,Conference
216,birthday party,12/28/2024,21,onsite,private,Conference
217,anniversary celebration,1/22/2025,23,hybrid,public,Concert
218,wedding,1/20/2025,17,onsite,private,Birthday Party
219,birthday party,8/12/2024,14,offline,public,Wedding
220,wedding,3/12/2024,22,online,private,Festival
221,graduation ceremony,1/21/2025,18,hybrid,private,Conference
222,baby shower,1/22/2025,12,hybrid,friends,Festival
223,graduation ceremony,10/28/2024,0,hybrid,public,Concert
224,wedding,1/24/2025,3,online,friends,Concert
225,graduation ceremony,12/30/2024,23,offline,custom,Concert
226,wedding,7/28/2024,10,hybrid,friends,Festival
227,baby shower,11/21/2024,9,online,custom,Wedding
228,anniversary celebration,11/23/2024,15,onsite,friends,Festival
229,wedding,1/27/2025,1,offline,custom,Wedding
230,graduation ceremony,10/19/2024,21,offline,public,Concert
231,anniversary celebration,4/6/2024,5,hybrid,private,Conference
232,baby shower,6/6/2024,7,online,private,Festival
233,wedding,11/22/2024,2,onsite,friends,Concert
234,graduation ceremony,6/20/2024,22,hybrid,friends,Festival
235,graduation ceremony,8/19/2024,17,onsite,private,Conference
236,baby shower,3/28/2024,21,online,public,Birthday Party
237,anniversary celebration,11/18/2024,21,offline,public,Concert
238,anniversary celebration,2/5/2025,8,hybrid,custom,Conference
239,wedding,8/20/2024,15,onsite,private,Birthday Party
240,baby shower,4/21/2024,22,hybrid,friends,Conference
241,anniversary celebration,5/9/2024,20,hybrid,private,Wedding
242,birthday party,2/26/2024,8,onsite,private,Wedding
243,wedding,2/16/2025,5,hybrid,friends,Wedding
244,baby shower,8/20/2024,11,hybrid,private,Birthday Party
245,graduation ceremony,1/9/2025,10,onsite,public,Wedding
246,birthday party,7/10/2024,13,online,public,Wedding
247,graduation ceremony,6/19/2024,13,offline,custom,Birthday Party
248,birthday party,10/31/2024,21,hybrid,custom,Birthday Party
249,graduation ceremony,10/2/2024,0,online,public,Festival
250,anniversary celebration,11/15/2024,12,online,friends,Conference
251,birthday party,4/3/2024,12,online,friends,Conference
252,baby shower,4/1/2024,3,onsite,public,Festival
253,wedding,2/13/2025,14,onsite,private,Birthday Party
254,birthday party,5/15/2024,15,onsite,custom,Concert
255,wedding,12/17/2024,4,online,public,Concert
256,birthday party,8/14/2024,20,offline,custom,Wedding
257,wedding,10/8/2024,13,hybrid,custom,Wedding
258,baby shower,1/5/2025,3,hybrid,private,Conference
259,baby shower,3/23/2024,9,hybrid,friends,Concert
260,wedding,5/7/2024,3,onsite,private,Conference
261,graduation ceremony,3/15/2024,11,online,public,Birthday Party
262,wedding,7/22/2024,12,onsite,custom,Festival
263,anniversary celebration,12/11/2024,1,hybrid,public,Conference
264,wedding,1/14/2025,16,offline,friends,Wedding
265,anniversary celebration,5/3/2024,9,hybrid,private,Birthday Party
266,baby shower,4/8/2024,14,online,public,Festival
267,birthday party,8/4/2024,16,hybrid,custom,Birthday Party
268,baby shower,7/28/2024,6,onsite,private,Birthday Party
269,baby shower,11/8/2024,18,hybrid,private,Concert
270,baby shower,9/27/2024,17,online,private,Conference
271,wedding,2/2/2025,16,onsite,friends,Concert
272,graduation ceremony,9/7/2024,14,hybrid,public,Festival
273,wedding,8/24/2024,8,hybrid,private,Concert
274,graduation ceremony,2/10/2025,13,offline,public,Concert
275,graduation ceremony,2/23/2025,0,hybrid,public,Birthday Party
276,graduation ceremony,4/8/2024,5,hybrid,public,Wedding
277,birthday party,2/4/2025,21,online,public,Birthday Party
278,baby shower,8/11/2024,16,hybrid,private,Concert
279,graduation ceremony,7/9/2024,17,onsite,private,Festival
280,anniversary celebration,3/19/2024,15,onsite,public,Festival
281,graduation ceremony,11/22/2024,17,online,friends,Concert
282,graduation ceremony,2/26/2024,13,onsite,public,Conference
283,baby shower,6/30/2024,13,hybrid,public,Concert
284,wedding,6/9/2024,8,offline,public,Conference
285,graduation ceremony,8/13/2024,0,offline,friends,Festival
286,anniversary celebration,12/28/2024,6,offline,custom,Concert
287,baby shower,1/22/2025,22,onsite,custom,Concert
288,birthday party,5/30/2024,0,online,custom,Wedding
289,graduation ceremony,8/1/2024,20,onsite,public,Concert
290,baby shower,7/11/2024,8,online,public,Conference
291,baby shower,5/21/2024,10,onsite,public,Birthday Party
292,anniversary celebration,6/26/2024,13,offline,custom,Concert
293,anniversary celebration,8/19/2024,5,onsite,custom,Wedding
294,anniversary celebration,5/21/2024,10,hybrid,custom,Birthday Party
295,wedding,2/28/2024,0,hybrid,public,Birthday Party
296,graduation ceremony,5/13/2024,19,online,friends,Conference
297,graduation ceremony,7/16/2024,9,online,private,Birthday Party
298,baby shower,6/22/2024,17,online,public,Wedding
299,anniversary celebration,2/28/2024,15,hybrid,custom,Festival
300,anniversary celebration,6/5/2024,3,hybrid,custom,Concert
301,graduation ceremony,11/13/2024,18,offline,public,Conference
302,baby shower,11/11/2024,15,onsite,custom,Wedding
303,anniversary celebration,4/3/2024,11,onsite,friends,Wedding
304,birthday party,11/6/2024,18,offline,public,Birthday Party
305,wedding,9/22/2024,11,hybrid,public,Festival
306,graduation ceremony,6/20/2024,6,online,public,Birthday Party
307,graduation ceremony,3/31/2024,23,hybrid,custom,Birthday Party
308,birthday party,4/2/2024,5,online,private,Concert
309,baby shower,7/9/2024,15,offline,friends,Festival
310,baby shower,4/11/2024,3,hybrid,custom,Festival
311,baby shower,12/1/2024,6,onsite,friends,Wedding
312,anniversary celebration,10/21/2024,5,hybrid,public,Birthday Party
313,birthday party,9/7/2024,6,offline,public,Concert
314,baby shower,6/19/2024,12,online,private,Festival
315,baby shower,3/31/2024,10,onsite,friends,Birthday Party
316,anniversary celebration,10/8/2024,4,onsite,friends,Festival
317,wedding,9/11/2024,20,onsite,public,Birthday Party
318,wedding,3/20/2024,13,hybrid,private,Birthday Party
319,birthday party,9/13/2024,7,offline,public,Festival
320,anniversary celebration,5/19/2024,11,offline,friends,Concert
321,anniversary celebration,7/20/2024,4,offline,friends,Conference
322,wedding,7/3/2024,17,offline,private,Wedding
323,anniversary celebration,5/1/2024,20,onsite,custom,Festival
324,baby shower,2/1/2025,6,online,friends,Wedding
325,baby shower,10/20/2024,10,offline,friends,Conference
326,graduation ceremony,3/30/2024,9,onsite,private,Birthday Party
327,graduation ceremony,2/29/2024,4,online,private,Concert
328,baby shower,6/2/2024,2,online,private,Wedding
329,birthday party,6/5/2024,7,offline,friends,Concert
330,anniversary celebration,7/8/2024,21,online,private,Festival
331,wedding,3/6/2024,16,online,friends,Conference
332,birthday party,5/3/2024,2,onsite,friends,Wedding
333,wedding,2/2/2025,18,onsite,private,Birthday Party
334,birthday party,3/20/2024,17,onsite,friends,Concert
335,anniversary celebration,1/17/2025,6,onsite,public,Concert
336,anniversary celebration,8/11/2024,16,hybrid,custom,Conference
337,graduation ceremony,11/18/2024,2,online,friends,Conference
338,wedding,9/25/2024,7,online,private,Concert
339,graduation ceremony,2/27/2024,19,online,public,Birthday Party
340,birthday party,9/25/2024,21,onsite,private,Festival
341,baby shower,10/19/2024,8,hybrid,public,Concert
342,birthday party,2/1/2025,10,hybrid,custom,Wedding
343,wedding,10/28/2024,7,hybrid,public,Festival
344,baby shower,3/6/2024,3,online,private,Birthday Party
345,baby shower,9/29/2024,15,offline,custom,Conference
346,anniversary celebration,8/15/2024,2,onsite,public,Wedding
347,baby shower,3/11/2024,9,hybrid,friends,Concert
348,birthday party,12/4/2024,4,offline,private,Concert
349,baby shower,1/13/2025,17,offline,friends,Festival
350,birthday party,2/5/2025,0,onsite,public,Festival
351,wedding,9/25/2024,15,hybrid,custom,Festival
352,wedding,4/8/2024,15,online,friends,Wedding
353,birthday party,5/21/2024,21,onsite,private,Concert
354,birthday party,8/30/2024,16,offline,friends,Festival
355,graduation ceremony,3/24/2024,11,onsite,friends,Birthday Party
356,graduation ceremony,7/27/2024,21,online,public,Festival
357,graduation ceremony,3/28/2024,21,onsite,friends,Concert
358,anniversary celebration,5/23/2024,19,onsite,friends,Concert
359,anniversary celebration,10/11/2024,1,hybrid,friends,Festival
360,birthday party,6/27/2024,6,offline,private,Birthday Party
361,graduation ceremony,1/19/2025,13,hybrid,public,Birthday Party
362,birthday party,11/21/2024,12,online,private,Festival
363,birthday party,7/7/2024,6,offline,public,Birthday Party
364,birthday party,11/19/2024,22,hybrid,public,Conference
365,wedding,8/28/2024,8,online,public,Festival
366,anniversary celebration,2/17/2025,8,hybrid,custom,Birthday Party
367,wedding,12/18/2024,2,online,friends,Festival
368,graduation ceremony,8/31/2024,6,onsite,custom,Concert
369,anniversary celebration,1/8/2025,1,online,friends,Birthday Party
370,baby shower,12/9/2024,14,hybrid,public,Festival
371,baby shower,12/29/2024,6,offline,private,Wedding
372,birthday party,1/6/2025,6,onsite,private,Wedding
373,graduation ceremony,11/18/2024,4,hybrid,public,Wedding
374,birthday party,10/16/2024,15,hybrid,private,Birthday Party
375,birthday party,3/17/2024,4,offline,friends,Festival
376,anniversary celebration,9/13/2024,18,offline,private,Festival
377,graduation ceremony,1/23/2025,10,online,custom,Wedding
378,birthday party,7/4/2024,4,offline,friends,Birthday Party
379,anniversary celebration,10/11/2024,22,offline,public,Festival
380,birthday party,4/24/2024,3,offline,friends,Festival
381,baby shower,7/28/2024,2,online,friends,Conference
382,graduation ceremony,11/2/2024,22,hybrid,custom,Birthday Party
383,wedding,6/1/2024,19,hybrid,custom,Concert
384,wedding,5/16/2024,18,hybrid,custom,Birthday Party
385,anniversary celebration,6/12/2024,7,online,public,Wedding
386,baby shower,4/9/2024,16,onsite,private,Festival
387,wedding,6/4/2024,15,offline,private,Conference
388,birthday party,2/7/2025,22,offline,friends,Concert
389,birthday party,5/24/2024,8,online,private,Conference
390,baby shower,6/8/2024,10,offline,custom,Conference
391,anniversary celebration,2/3/2025,15,offline,friends,Concert
392,wedding,12/18/2024,10,onsite,public,Conference
393,baby shower,4/4/2024,18,offline,public,Wedding
394,birthday party,8/15/2024,9,offline,custom,Festival
395,baby shower,11/20/2024,8,onsite,public,Festival
396,wedding,5/24/2024,1,offline,public,Wedding
397,graduation ceremony,10/2/2024,12,onsite,friends,Concert
398,birthday party,12/18/2024,19,online,friends,Festival
399,birthday party,7/14/2024,0,onsite,private,Wedding
400,anniversary celebration,6/30/2024,11,offline,private,Festival
401,baby shower,12/8/2024,7,online,custom,Birthday Party
402,graduation ceremony,10/6/2024,18,online,private,Birthday Party
403,anniversary celebration,9/1/2024,17,online,public,Concert
404,wedding,3/29/2024,11,offline,custom,Conference
405,baby shower,8/9/2024,2,offline,public,Wedding
406,graduation ceremony,8/28/2024,9,onsite,custom,Wedding
407,baby shower,7/31/2024,11,online,friends,Conference
408,anniversary celebration,11/18/2024,11,online,custom,Concert
409,wedding,7/25/2024,0,online,private,Conference
410,birthday party,10/4/2024,18,hybrid,friends,Birthday Party
411,wedding,10/11/2024,0,onsite,custom,Birthday Party
412,anniversary celebration,2/27/2024,22,offline,private,Birthday Party
413,birthday party,4/18/2024,21,hybrid,private,Concert
414,anniversary celebration,10/19/2024,10,online,custom,Wedding
415,baby shower,5/7/2024,22,onsite,public,Festival
416,wedding,11/30/2024,20,onsite,friends,Birthday Party
417,baby shower,5/24/2024,4,online,public,Wedding
418,anniversary celebration,2/20/2025,7,offline,custom,Festival
419,anniversary celebration,11/24/2024,1,offline,friends,Concert
420,wedding,9/7/2024,22,hybrid,friends,Concert
421,anniversary celebration,9/1/2024,6,online,private,Festival
422,birthday party,9/19/2024,7,onsite,custom,Festival
423,graduation ceremony,2/2/2025,7,onsite,public,Concert
424,anniversary celebration,12/31/2024,1,onsite,private,Birthday Party
425,graduation ceremony,12/16/2024,3,online,custom,Birthday Party
426,birthday party,2/19/2025,19,hybrid,friends,Birthday Party
427,graduation ceremony,11/18/2024,3,offline,friends,Conference
428,birthday party,6/11/2024,0,offline,private,Wedding
429,anniversary celebration,5/22/2024,20,onsite,public,Festival
430,anniversary celebration,7/14/2024,6,online,private,Festival
431,birthday party,3/4/2024,15,hybrid,private,Conference
432,anniversary celebration,11/23/2024,12,offline,private,Concert
433,baby shower,5/30/2024,17,hybrid,private,Wedding
434,baby shower,5/19/2024,12,onsite,friends,Wedding
435,wedding,1/31/2025,14,onsite,custom,Birthday Party
436,baby shower,4/17/2024,11,hybrid,public,Wedding
437,baby shower,12/7/2024,20,offline,public,Festival
438,wedding,5/25/2024,23,onsite,private,Festival
439,graduation ceremony,11/28/2024,14,offline,custom,Festival
440,birthday party,6/21/2024,11,hybrid,private,Birthday Party
441,anniversary celebration,3/8/2024,1,online,private,Wedding
442,birthday party,8/7/2024,15,hybrid,custom,Birthday Party
443,baby shower,1/31/2025,23,online,public,Festival
444,anniversary celebration,8/8/2024,18,onsite,friends,Festival
445,baby shower,7/18/2024,0,onsite,friends,Concert
446,birthday party,9/14/2024,10,online,private,Wedding
447,graduation ceremony,4/29/2024,20,onsite,friends,Festival
448,birthday party,6/16/2024,4,onsite,private,Wedding
449,graduation ceremony,3/16/2024,9,online,public,Birthday Party
450,baby shower,5/25/2024,19,onsite,private,Festival
451,baby shower,4/26/2024,10,onsite,private,Wedding
452,birthday party,4/23/2024,18,hybrid,private,Concert
453,birthday party,6/29/2024,5,online,custom,Conference
454,anniversary celebration,8/13/2024,22,hybrid,custom,Festival
455,graduation ceremony,12/13/2024,8,onsite,custom,Concert
456,anniversary celebration,10/3/2024,14,hybrid,friends,Birthday Party
457,birthday party,12/12/2024,14,onsite,custom,Festival
458,baby shower,1/7/2025,20,offline,friends,Wedding
459,baby shower,2/14/2025,22,onsite,custom,Conference
460,wedding,6/19/2024,6,online,public,Wedding
461,anniversary celebration,5/20/2024,11,offline,friends,Wedding
462,anniversary celebration,10/5/2024,6,hybrid,private,Conference
463,birthday party,12/24/2024,21,offline,custom,Concert
464,wedding,8/15/2024,4,online,friends,Wedding
465,graduation ceremony,10/4/2024,3,offline,public,Concert
466,graduation ceremony,2/4/2025,21,onsite,friends,Festival
467,anniversary celebration,11/11/2024,6,hybrid,private,Concert
468,baby shower,2/27/2024,5,hybrid,friends,Conference
469,graduation ceremony,10/27/2024,17,onsite,custom,Wedding
470,baby shower,6/28/2024,10,offline,friends,Concert
471,wedding,9/3/2024,22,onsite,custom,Birthday Party
472,birthday party,5/17/2024,20,offline,private,Conference
473,wedding,10/14/2024,4,onsite,custom,Conference
474,birthday party,2/14/2025,22,hybrid,custom,Concert
475,birthday party,11/5/2024,3,hybrid,friends,Conference
476,baby shower,9/28/2024,3,hybrid,custom,Conference
477,anniversary celebration,5/17/2024,14,offline,friends,Wedding
478,birthday party,5/31/2024,12,onsite,private,Festival
479,anniversary celebration,11/26/2024,5,offline,custom,Wedding
480,anniversary celebration,10/6/2024,18,hybrid,private,Wedding
481,anniversary celebration,9/9/2024,17,offline,private,Birthday Party
482,wedding,12/25/2024,17,online,friends,Wedding
483,birthday party,5/23/2024,7,onsite,private,Conference
484,baby shower,6/15/2024,14,offline,public,Wedding
485,graduation ceremony,3/10/2024,4,online,public,Festival
486,wedding,4/16/2024,2,hybrid,private,Wedding
487,anniversary celebration,9/30/2024,1,offline,public,Concert
488,birthday party,3/20/2024,1,online,private,Conference
489,graduation ceremony,12/19/2024,0,online,private,Conference
490,graduation ceremony,8/9/2024,3,online,friends,Festival
491,wedding,3/15/2024,9,onsite,custom,Wedding
492,birthday party,3/1/2024,22,hybrid,friends,Festival
493,graduation ceremony,11/27/2024,10,online,friends,Birthday Party
494,anniversary celebration,11/18/2024,4,hybrid,public,Concert
495,birthday party,1/27/2025,9,offline,custom,Birthday Party
496,baby shower,4/12/2024,12,onsite,custom,Birthday Party
497,wedding,5/15/2024,6,onsite,public,Wedding
498,graduation ceremony,7/9/2024,11,online,custom,Concert
499,graduation ceremony,7/29/2024,10,onsite,friends,Birthday Party
500,baby shower,3/12/2024,0,hybrid,private,Concert
501,wedding,7/18/2024,15,hybrid,friends,Festival
502,graduation ceremony,5/1/2024,17,onsite,public,Wedding
503,birthday party,6/6/2024,0,hybrid,friends,Conference
504,anniversary celebration,1/17/2025,13,hybrid,private,Birthday Party
505,graduation ceremony,6/27/2024,4,hybrid,custom,Festival
506,anniversary celebration,8/23/2024,11,hybrid,public,Concert
507,baby shower,3/15/2024,7,offline,public,Birthday Party
508,baby shower,9/18/2024,12,offline,friends,Conference
509,baby shower,7/31/2024,22,offline,custom,Concert
510,anniversary celebration,10/26/2024,3,online,public,Birthday Party
511,baby shower,3/6/2024,15,onsite,custom,Concert
512,baby shower,8/1/2024,13,onsite,custom,Concert
513,graduation ceremony,12/4/2024,3,hybrid,public,Wedding
514,baby shower,12/12/2024,14,online,private,Conference
515,wedding,6/10/2024,5,offline,friends,Festival
516,baby shower,9/6/2024,5,hybrid,custom,Wedding
517,birthday party,6/2/2024,23,hybrid,friends,Birthday Party
518,graduation ceremony,12/26/2024,18,onsite,private,Festival
519,wedding,2/4/2025,8,online,public,Birthday Party
520,baby shower,1/24/2025,14,onsite,friends,Wedding
521,wedding,3/14/2024,16,online,friends,Birthday Party
522,graduation ceremony,7/7/2024,19,online,public,Concert
523,baby shower,10/16/2024,18,offline,private,Festival
524,birthday party,4/27/2024,1,online,public,Wedding
525,baby shower,4/9/2024,0,onsite,public,Festival
526,baby shower,1/20/2025,13,hybrid,custom,Wedding
527,birthday party,3/16/2024,2,onsite,public,Wedding
528,anniversary celebration,5/3/2024,18,online,public,Festival
529,graduation ceremony,5/17/2024,8,online,friends,Concert
530,birthday party,5/28/2024,17,online,public,Festival
531,baby shower,10/21/2024,9,offline,custom,Festival
532,graduation ceremony,12/30/2024,14,onsite,private,Birthday Party
533,graduation ceremony,7/24/2024,11,hybrid,public,Concert
534,wedding,12/20/2024,19,online,custom,Wedding
535,graduation ceremony,7/18/2024,8,onsite,public,Concert
536,anniversary celebration,3/2/2024,18,online,private,Concert
537,wedding,8/23/2024,18,online,custom,Conference
538,baby shower,4/28/2024,9,hybrid,custom,Wedding
539,birthday party,8/4/2024,22,hybrid,friends,Birthday Party
540,anniversary celebration,3/7/2024,2,hybrid,public,Birthday Party
541,baby shower,2/8/2025,17,offline,public,Conference
542,graduation ceremony,4/19/2024,18,onsite,custom,Birthday Party
543,birthday party,6/4/2024,0,hybrid,private,Wedding
544,baby shower,3/12/2024,4,hybrid,public,Conference
545,wedding,5/18/2024,18,onsite,private,Birthday Party
546,anniversary celebration,10/6/2024,13,hybrid,public,Festival
547,baby shower,3/19/2024,9,online,private,Conference
548,anniversary celebration,9/5/2024,20,hybrid,private,Birthday Party
549,graduation ceremony,10/6/2024,5,onsite,custom,Wedding
550,baby shower,4/22/2024,4,online,custom,Conference
551,wedding,9/17/2024,16,onsite,private,Wedding
552,birthday party,5/17/2024,19,online,private,Festival
553,baby shower,3/13/2024,10,online,private,Birthday Party
554,wedding,9/13/2024,1,onsite,custom,Concert
555,wedding,4/17/2024,20,online,private,Wedding
556,baby shower,2/25/2025,21,hybrid,private,Festival
557,birthday party,6/5/2024,3,hybrid,public,Festival
558,baby shower,10/14/2024,10,hybrid,friends,Concert
559,birthday party,11/13/2024,18,onsite,public,Wedding
560,birthday party,9/26/2024,20,hybrid,private,Concert
561,wedding,5/22/2024,23,hybrid,private,Wedding
562,baby shower,2/5/2025,16,hybrid,custom,Birthday Party
563,graduation ceremony,7/7/2024,18,offline,public,Birthday Party
564,baby shower,12/21/2024,0,online,private,Conference
565,baby shower,12/9/2024,15,hybrid,custom,Festival
566,birthday party,7/28/2024,16,onsite,private,Festival
567,anniversary celebration,8/12/2024,16,hybrid,private,Festival
568,anniversary celebration,10/21/2024,0,offline,private,Birthday Party
569,birthday party,10/28/2024,3,onsite,public,Wedding
570,wedding,12/6/2024,9,hybrid,public,Birthday Party
571,graduation ceremony,5/2/2024,16,offline,private,Birthday Party
572,graduation ceremony,2/15/2025,19,offline,custom,Birthday Party
573,wedding,2/9/2025,19,offline,private,Conference
574,wedding,1/2/2025,16,hybrid,public,Festival
575,anniversary celebration,8/14/2024,16,onsite,custom,Birthday Party
576,baby shower,6/23/2024,22,offline,private,Birthday Party
577,birthday party,10/10/2024,1,offline,friends,Wedding
578,graduation ceremony,12/27/2024,22,onsite,custom,Birthday Party
579,anniversary celebration,3/12/2024,21,online,public,Concert
580,anniversary celebration,4/9/2024,11,hybrid,private,Concert
581,graduation ceremony,11/12/2024,1,onsite,private,Birthday Party
582,anniversary celebration,6/10/2024,3,offline,custom,Wedding
583,birthday party,7/17/2024,0,online,custom,Festival
584,birthday party,3/16/2024,22,hybrid,private,Birthday Party
585,wedding,10/10/2024,7,onsite,public,Festival
586,baby shower,3/29/2024,21,onsite,custom,Festival
587,wedding,2/28/2024,7,online,private,Birthday Party
588,graduation ceremony,9/5/2024,5,onsite,public,Wedding
589,baby shower,4/20/2024,23,online,friends,Wedding
590,birthday party,10/4/2024,19,hybrid,public,Wedding
591,birthday party,10/2/2024,12,online,custom,Conference
592,birthday party,11/14/2024,9,hybrid,friends,Festival
593,birthday party,3/20/2024,0,online,friends,Concert
594,birthday party,12/28/2024,21,hybrid,private,Birthday Party
595,birthday party,7/3/2024,20,hybrid,private,Festival
596,birthday party,6/7/2024,18,online,custom,Concert
597,birthday party,11/26/2024,13,online,custom,Conference
598,birthday party,8/15/2024,17,hybrid,private,Concert
599,wedding,6/6/2024,3,hybrid,custom,Conference
600,wedding,12/14/2024,17,hybrid,friends,Wedding
601,birthday party,3/21/2024,16,offline,friends,Festival
602,anniversary celebration,11/27/2024,2,onsite,friends,Conference
603,wedding,11/22/2024,17,online,custom,Birthday Party
604,birthday party,12/23/2024,17,hybrid,friends,Conference
605,wedding,11/25/2024,6,onsite,friends,Festival
606,graduation ceremony,5/26/2024,21,offline,public,Conference
607,anniversary celebration,8/31/2024,7,onsite,private,Birthday Party
608,graduation ceremony,3/22/2024,1,online,private,Birthday Party
609,wedding,4/27/2024,18,online,public,Wedding
610,graduation ceremony,12/29/2024,0,hybrid,friends,Conference
611,birthday party,3/10/2024,22,hybrid,public,Wedding
612,baby shower,1/4/2025,9,offline,custom,Birthday Party
613,birthday party,6/26/2024,21,onsite,public,Birthday Party
614,anniversary celebration,3/16/2024,10,online,friends,Wedding
615,baby shower,1/30/2025,14,onsite,public,Conference
616,wedding,1/16/2025,6,offline,friends,Birthday Party
617,anniversary celebration,10/12/2024,10,online,friends,Conference
618,baby shower,7/22/2024,12,onsite,public,Birthday Party
619,anniversary celebration,4/11/2024,9,hybrid,friends,Festival
620,baby shower,2/16/2025,1,online,friends,Birthday Party
621,baby shower,8/26/2024,7,offline,friends,Festival
622,wedding,6/20/2024,14,offline,public,Wedding
623,graduation ceremony,3/7/2024,1,onsite,private,Birthday Party
624,anniversary celebration,9/4/2024,15,offline,public,Birthday Party
625,baby shower,7/15/2024,23,hybrid,private,Birthday Party
626,birthday party,6/20/2024,8,hybrid,private,Conference
627,baby shower,1/11/2025,4,offline,private,Festival
628,baby shower,12/18/2024,16,onsite,public,Birthday Party
629,graduation ceremony,5/27/2024,0,online,public,Wedding
630,birthday party,10/16/2024,16,hybrid,private,Birthday Party
631,anniversary celebration,6/29/2024,12,onsite,friends,Concert
632,anniversary celebration,8/21/2024,19,online,public,Birthday Party
633,birthday party,1/1/2025,0,onsite,custom,Festival
634,baby shower,9/1/2024,8,offline,private,Birthday Party
635,birthday party,8/1/2024,0,hybrid,public,Concert
636,baby shower,4/22/2024,7,onsite,private,Concert
637,birthday party,7/31/2024,1,onsite,custom,Wedding
638,graduation ceremony,10/25/2024,17,onsite,public,Birthday Party
639,wedding,10/16/2024,16,offline,custom,Birthday Party
640,anniversary celebration,6/8/2024,1,offline,custom,Conference
641,baby shower,3/20/2024,9,onsite,friends,Concert
642,wedding,5/7/2024,7,hybrid,private,Birthday Party
643,wedding,7/1/2024,6,hybrid,public,Conference
644,wedding,1/12/2025,18,onsite,friends,Conference
645,wedding,10/20/2024,2,hybrid,public,Conference
646,wedding,4/16/2024,15,onsite,friends,Festival
647,birthday party,12/1/2024,20,onsite,public,Concert
648,anniversary celebration,6/18/2024,6,hybrid,custom,Birthday Party
649,baby shower,11/22/2024,1,online,friends,Wedding
650,birthday party,2/26/2024,13,hybrid,private,Birthday Party
651,anniversary celebration,3/9/2024,4,offline,custom,Wedding
652,graduation ceremony,12/25/2024,5,onsite,public,Conference
653,baby shower,1/24/2025,16,online,private,Birthday Party
654,baby shower,1/26/2025,20,onsite,friends,Festival
655,birthday party,11/8/2024,5,offline,public,Festival
656,baby shower,3/30/2024,6,hybrid,custom,Conference
657,graduation ceremony,11/22/2024,7,online,friends,Birthday Party
658,birthday party,5/15/2024,8,online,custom,Concert
659,wedding,12/30/2024,13,offline,private,Festival
660,wedding,7/11/2024,14,hybrid,custom,Birthday Party
661,birthday party,2/18/2025,9,hybrid,custom,Wedding
662,baby shower,6/16/2024,2,onsite,public,Festival
663,anniversary celebration,8/14/2024,3,offline,custom,Festival
664,wedding,7/27/2024,13,online,custom,Birthday Party
665,anniversary celebration,10/28/2024,1,offline,public,Conference
666,birthday party,12/21/2024,2,offline,public,Wedding
667,wedding,8/27/2024,13,onsite,private,Wedding
668,wedding,6/27/2024,21,online,friends,Wedding
669,anniversary celebration,7/31/2024,9,online,friends,Conference
670,anniversary celebration,11/12/2024,20,online,friends,Wedding
671,graduation ceremony,10/25/2024,13,onsite,friends,Wedding
672,birthday party,8/7/2024,6,offline,private,Conference
673,graduation ceremony,7/6/2024,15,offline,custom,Wedding
674,graduation ceremony,10/2/2024,8,onsite,private,Festival
675,wedding,11/28/2024,9,offline,public,Conference
676,birthday party,8/12/2024,6,offline,private,Birthday Party
677,anniversary celebration,9/22/2024,8,online,custom,Concert
678,anniversary celebration,2/4/2025,22,hybrid,friends,Festival
679,baby shower,9/26/2024,0,online,public,Festival
680,baby shower,11/25/2024,8,offline,private,Festival
681,anniversary celebration,11/15/2024,14,onsite,custom,Concert
682,wedding,1/7/2025,22,onsite,custom,Birthday Party
683,graduation ceremony,1/7/2025,11,onsite,custom,Wedding
684,wedding,9/22/2024,11,offline,custom,Wedding
685,birthday party,6/1/2024,3,online,private,Conference
686,graduation ceremony,9/5/2024,21,online,custom,Concert
687,birthday party,12/13/2024,13,offline,custom,Wedding
688,birthday party,3/7/2024,6,online,public,Wedding
689,anniversary celebration,5/29/2024,17,online,public,Concert
690,baby shower,9/13/2024,8,online,public,Concert
691,anniversary celebration,11/29/2024,6,hybrid,friends,Festival
692,birthday party,6/13/2024,0,hybrid,private,Festival
693,birthday party,9/10/2024,15,onsite,custom,Festival
694,birthday party,4/29/2024,13,hybrid,friends,Conference
695,baby shower,11/29/2024,14,online,public,Concert
696,anniversary celebration,3/16/2024,7,onsite,friends,Conference
697,anniversary celebration,3/13/2024,17,hybrid,private,Conference
698,anniversary celebration,4/27/2024,11,onsite,public,Concert
699,birthday party,5/28/2024,6,hybrid,friends,Wedding
700,baby shower,2/23/2025,10,hybrid,friends,Wedding
701,graduation ceremony,7/26/2024,18,online,custom,Wedding
702,wedding,8/7/2024,2,onsite,public,Birthday Party
703,baby shower,5/2/2024,23,hybrid,friends,Conference
704,anniversary celebration,4/12/2024,6,offline,friends,Concert
705,birthday party,12/13/2024,18,onsite,custom,Festival
706,anniversary celebration,1/16/2025,23,hybrid,public,Wedding
707,birthday party,1/17/2025,11,online,public,Conference
708,anniversary celebration,7/7/2024,11,onsite,friends,Birthday Party
709,graduation ceremony,4/18/2024,3,onsite,public,Concert
710,birthday party,12/6/2024,1,hybrid,friends,Conference
711,graduation ceremony,1/16/2025,18,onsite,friends,Festival
712,birthday party,10/8/2024,5,offline,private,Concert
713,anniversary celebration,12/22/2024,12,offline,friends,Conference
714,wedding,3/5/2024,23,online,public,Birthday Party
715,anniversary celebration,2/3/2025,5,hybrid,public,Concert
716,birthday party,1/24/2025,5,offline,custom,Conference
717,birthday party,7/1/2024,7,hybrid,friends,Birthday Party
718,birthday party,1/25/2025,21,offline,public,Wedding
719,wedding,12/13/2024,4,online,custom,Festival
720,baby shower,9/24/2024,2,online,custom,Wedding
721,baby shower,9/27/2024,20,hybrid,friends,Conference
722,graduation ceremony,5/1/2024,11,online,custom,Wedding
723,graduation ceremony,12/8/2024,14,onsite,friends,Festival
724,wedding,5/26/2024,20,offline,private,Festival
725,graduation ceremony,7/27/2024,9,offline,friends,Conference
726,wedding,10/15/2024,8,hybrid,friends,Festival
727,anniversary celebration,1/14/2025,3,online,public,Festival
728,anniversary celebration,8/6/2024,0,offline,public,Birthday Party
729,birthday party,6/13/2024,11,onsite,private,Conference
730,wedding,5/30/2024,16,online,private,Birthday Party
731,graduation ceremony,3/31/2024,3,offline,friends,Conference
732,wedding,12/17/2024,13,online,custom,Festival
733,graduation ceremony,12/7/2024,8,hybrid,private,Festival
734,wedding,6/7/2024,7,hybrid,public,Wedding
735,graduation ceremony,6/14/2024,2,hybrid,custom,Conference
736,birthday party,11/28/2024,19,online,public,Conference
737,baby shower,11/8/2024,4,offline,friends,Birthday Party
738,baby shower,7/22/2024,10,hybrid,friends,Birthday Party
739,graduation ceremony,9/10/2024,15,onsite,private,Concert
740,baby shower,12/1/2024,17,online,friends,Birthday Party
741,birthday party,6/27/2024,2,offline,friends,Conference
742,baby shower,5/5/2024,17,offline,custom,Concert
743,graduation ceremony,9/28/2024,19,hybrid,custom,Birthday Party
744,birthday party,4/11/2024,14,hybrid,private,Wedding
745,anniversary celebration,11/26/2024,2,offline,friends,Festival
746,birthday party,10/14/2024,20,onsite,custom,Conference
747,baby shower,4/4/2024,14,offline,custom,Birthday Party
748,anniversary celebration,12/22/2024,21,onsite,private,Festival
749,wedding,5/28/2024,15,online,friends,Wedding
750,anniversary celebration,10/4/2024,6,offline,private,Conference
751,graduation ceremony,5/28/2024,10,hybrid,private,Wedding
752,baby shower,10/7/2024,13,online,custom,Concert
753,graduation ceremony,10/6/2024,6,offline,custom,Birthday Party
754,anniversary celebration,8/22/2024,0,online,friends,Festival
755,graduation ceremony,9/21/2024,1,online,private,Festival
756,wedding,2/5/2025,18,onsite,friends,Concert
757,wedding,12/14/2024,14,offline,private,Conference
758,wedding,4/25/2024,15,onsite,private,Festival
759,anniversary celebration,9/20/2024,12,online,friends,Wedding
760,anniversary celebration,5/19/2024,4,onsite,private,Conference
761,wedding,10/6/2024,23,hybrid,public,Concert
762,graduation ceremony,8/19/2024,23,online,private,Festival
763,baby shower,10/9/2024,17,onsite,custom,Conference
764,birthday party,1/27/2025,12,online,private,Festival
765,baby shower,5/20/2024,14,onsite,friends,Festival
766,wedding,9/10/2024,14,onsite,public,Birthday Party
767,anniversary celebration,3/2/2024,6,online,custom,Concert
768,wedding,7/14/2024,13,online,friends,Wedding
769,baby shower,6/10/2024,23,onsite,public,Birthday Party
770,birthday party,1/29/2025,12,onsite,public,Wedding
771,wedding,12/6/2024,22,offline,custom,Wedding
772,anniversary celebration,11/18/2024,0,online,friends,Birthday Party
773,birthday party,2/5/2025,8,online,custom,Festival
774,graduation ceremony,5/12/2024,19,onsite,custom,Conference
775,baby shower,5/2/2024,9,online,private,Wedding
776,graduation ceremony,7/7/2024,6,onsite,private,Concert
777,birthday party,8/29/2024,2,onsite,custom,Conference
778,wedding,2/13/2025,13,online,private,Birthday Party
779,anniversary celebration,8/17/2024,19,offline,public,Birthday Party
780,wedding,11/6/2024,5,offline,private,Conference
781,anniversary celebration,3/3/2024,14,hybrid,private,Conference
782,birthday party,4/25/2024,11,hybrid,friends,Wedding
783,graduation ceremony,1/1/2025,13,online,friends,Wedding
784,wedding,1/27/2025,23,offline,public,Festival
785,anniversary celebration,9/8/2024,18,hybrid,friends,Wedding
786,graduation ceremony,9/16/2024,21,offline,private,Conference
787,wedding,10/14/2024,13,offline,public,Wedding
788,baby shower,6/17/2024,2,offline,private,Wedding
789,wedding,7/1/2024,6,online,friends,Concert
790,baby shower,2/22/2025,0,online,friends,Conference
791,graduation ceremony,9/21/2024,15,onsite,custom,Conference
792,birthday party,9/2/2024,21,onsite,custom,Wedding
793,anniversary celebration,2/3/2025,19,offline,friends,Concert
794,anniversary celebration,5/19/2024,9,online,friends,Wedding
795,birthday party,10/10/2024,8,online,custom,Birthday Party
796,wedding,8/12/2024,20,hybrid,friends,Birthday Party
797,graduation ceremony,9/11/2024,20,hybrid,friends,Conference
798,wedding,7/26/2024,5,offline,private,Wedding
799,birthday party,9/9/2024,20,hybrid,public,Birthday Party
800,graduation ceremony,10/20/2024,7,onsite,friends,Birthday Party
801,baby shower,10/20/2024,17,offline,friends,Birthday Party
802,wedding,12/4/2024,23,onsite,custom,Conference
803,wedding,12/1/2024,9,offline,custom,Festival
804,anniversary celebration,8/9/2024,17,offline,friends,Conference
805,wedding,7/11/2024,22,offline,private,Concert
806,birthday party,3/27/2024,23,onsite,custom,Conference
807,baby shower,5/8/2024,23,online,private,Concert
808,wedding,8/10/2024,20,offline,private,Wedding
809,baby shower,3/30/2024,23,online,public,Conference
810,graduation ceremony,12/27/2024,17,offline,friends,Conference
811,birthday party,11/27/2024,14,hybrid,public,Festival
812,baby shower,3/21/2024,12,online,private,Wedding
813,birthday party,4/14/2024,19,offline,custom,Wedding
814,graduation ceremony,9/18/2024,8,online,public,Wedding
815,baby shower,12/24/2024,9,onsite,custom,Concert
816,graduation ceremony,2/8/2025,2,online,private,Festival
817,graduation ceremony,9/16/2024,9,offline,public,Birthday Party
818,graduation ceremony,3/21/2024,5,online,friends,Birthday Party
819,anniversary celebration,12/7/2024,19,hybrid,custom,Concert
820,anniversary celebration,8/11/2024,5,onsite,public,Conference
821,baby shower,9/13/2024,19,offline,public,Concert
822,graduation ceremony,10/22/2024,12,hybrid,public,Birthday Party
823,birthday party,2/11/2025,14,online,custom,Wedding
824,graduation ceremony,5/29/2024,19,offline,friends,Conference
825,anniversary celebration,8/7/2024,9,onsite,custom,Wedding
826,baby shower,8/8/2024,11,offline,friends,Concert
827,anniversary celebration,7/23/2024,0,hybrid,private,Concert
828,graduation ceremony,5/9/2024,1,onsite,custom,Wedding
829,wedding,7/29/2024,22,offline,friends,Festival
830,graduation ceremony,3/11/2024,16,hybrid,custom,Concert
831,graduation ceremony,8/4/2024,23,online,public,Birthday Party
832,graduation ceremony,3/25/2024,22,onsite,friends,Birthday Party
833,baby shower,12/30/2024,9,offline,friends,Conference
834,birthday party,6/5/2024,17,hybrid,custom,Conference
835,birthday party,8/9/2024,0,onsite,friends,Concert
836,baby shower,2/9/2025,20,hybrid,friends,Birthday Party
837,wedding,11/20/2024,9,hybrid,public,Wedding
838,graduation ceremony,2/23/2025,13,online,public,Concert
839,birthday party,3/22/2024,13,offline,private,Birthday Party
840,wedding,8/7/2024,23,onsite,friends,Conference
841,wedding,3/3/2024,5,hybrid,custom,Conference
842,wedding,8/13/2024,4,offline,public,Festival
843,anniversary celebration,1/21/2025,13,offline,public,Conference
844,anniversary celebration,6/4/2024,16,onsite,private,Wedding
845,baby shower,7/31/2024,19,online,custom,Festival
846,anniversary celebration,6/24/2024,14,onsite,public,Birthday Party
847,graduation ceremony,4/22/2024,14,online,public,Concert
848,birthday party,6/24/2024,18,hybrid,friends,Wedding
849,wedding,1/19/2025,12,onsite,public,Concert
850,birthday party,12/23/2024,19,onsite,custom,Birthday Party
851,baby shower,5/27/2024,14,onsite,private,Concert
852,wedding,6/22/2024,11,onsite,friends,Conference
853,birthday party,8/16/2024,14,hybrid,public,Concert
854,birthday party,12/12/2024,14,onsite,public,Conference
855,baby shower,2/17/2025,21,hybrid,private,Festival
856,graduation ceremony,8/31/2024,19,offline,public,Conference
857,graduation ceremony,9/30/2024,16,online,public,Wedding
858,wedding,1/9/2025,17,online,private,Conference
859,baby shower,3/20/2024,3,onsite,custom,Festival
860,baby shower,8/9/2024,18,offline,public,Festival
861,baby shower,11/29/2024,6,hybrid,private,Wedding
862,wedding,9/28/2024,10,onsite,private,Wedding
863,birthday party,11/6/2024,4,hybrid,custom,Birthday Party
864,wedding,1/28/2025,15,onsite,private,Festival
865,anniversary celebration,7/15/2024,13,offline,custom,Conference
866,anniversary celebration,6/1/2024,19,offline,public,Festival
867,anniversary celebration,11/22/2024,3,onsite,custom,Conference
868,graduation ceremony,8/22/2024,12,online,public,Wedding
869,graduation ceremony,1/22/2025,0,onsite,custom,Festival
870,birthday party,8/31/2024,18,onsite,friends,Festival
871,graduation ceremony,4/4/2024,5,hybrid,public,Birthday Party
872,graduation ceremony,4/21/2024,2,online,friends,Festival
873,birthday party,1/15/2025,9,offline,public,Conference
874,wedding,8/26/2024,7,onsite,private,Birthday Party
875,baby shower,12/5/2024,23,offline,public,Concert
876,graduation ceremony,3/13/2024,0,onsite,friends,Concert
877,graduation ceremony,3/24/2024,15,offline,friends,Concert
878,wedding,6/22/2024,11,online,friends,Birthday Party
879,anniversary celebration,3/3/2024,10,hybrid,public,Concert
880,wedding,1/17/2025,0,offline,private,Wedding
881,anniversary celebration,7/19/2024,2,online,private,Conference
882,anniversary celebration,4/8/2024,13,hybrid,public,Concert
883,wedding,9/12/2024,14,offline,public,Concert
884,wedding,5/24/2024,19,offline,private,Wedding
885,baby shower,5/21/2024,21,offline,custom,Birthday Party
886,wedding,8/20/2024,7,onsite,public,Conference
887,anniversary celebration,5/17/2024,22,online,public,Birthday Party
888,baby shower,4/3/2024,10,onsite,public,Birthday Party
889,anniversary celebration,8/23/2024,18,onsite,friends,Concert
890,graduation ceremony,1/4/2025,0,hybrid,friends,Birthday Party
891,wedding,1/22/2025,22,hybrid,public,Concert
892,wedding,12/20/2024,3,onsite,friends,Concert
893,graduation ceremony,12/31/2024,12,hybrid,public,Concert
894,graduation ceremony,3/7/2024,0,online,friends,Wedding
895,birthday party,12/22/2024,9,online,private,Birthday Party
896,baby shower,2/6/2025,0,hybrid,public,Concert
897,graduation ceremony,8/10/2024,13,online,private,Birthday Party
898,graduation ceremony,8/29/2024,2,hybrid,custom,Conference
899,graduation ceremony,11/8/2024,10,online,friends,Concert
900,wedding,11/23/2024,19,offline,public,Wedding
901,baby shower,6/19/2024,20,offline,public,Festival
902,anniversary celebration,11/23/2024,0,onsite,private,Concert
903,graduation ceremony,10/20/2024,0,online,custom,Festival
904,wedding,4/22/2024,21,offline,public,Birthday Party
905,wedding,1/3/2025,7,offline,custom,Conference
906,graduation ceremony,3/9/2024,18,online,custom,Conference
907,anniversary celebration,8/10/2024,15,online,custom,Festival
908,baby shower,8/18/2024,2,online,public,Birthday Party
909,anniversary celebration,1/6/2025,12,online,public,Wedding
910,graduation ceremony,9/27/2024,15,offline,private,Conference
911,graduation ceremony,4/10/2024,18,online,custom,Wedding
912,birthday party,9/19/2024,17,onsite,private,Wedding
913,graduation ceremony,1/23/2025,12,offline,public,Wedding
914,baby shower,3/9/2024,7,hybrid,public,Wedding
915,anniversary celebration,5/18/2024,22,offline,private,Birthday Party
916,baby shower,12/11/2024,9,online,public,Concert
917,wedding,10/7/2024,16,online,friends,Conference
918,anniversary celebration,8/14/2024,2,online,custom,Wedding
919,graduation ceremony,2/7/2025,10,offline,custom,Festival
920,baby shower,4/8/2024,22,hybrid,private,Festival
921,graduation ceremony,1/14/2025,23,hybrid,private,Wedding
922,baby shower,9/4/2024,23,offline,friends,Conference
923,anniversary celebration,3/19/2024,1,offline,private,Concert
924,baby shower,9/4/2024,17,hybrid,custom,Birthday Party
925,graduation ceremony,9/1/2024,11,hybrid,custom,Festival
926,anniversary celebration,6/17/2024,3,online,private,Wedding
927,anniversary celebration,1/13/2025,12,onsite,private,Conference
928,birthday party,10/27/2024,0,offline,public,Concert
929,anniversary celebration,6/14/2024,0,hybrid,friends,Festival
930,wedding,1/12/2025,7,online,friends,Concert
931,baby shower,5/27/2024,14,offline,private,Festival
932,graduation ceremony,7/3/2024,13,online,public,Conference
933,wedding,1/5/2025,8,hybrid,friends,Festival
934,baby shower,9/25/2024,4,hybrid,public,Conference
935,birthday party,9/27/2024,11,onsite,public,Wedding
936,anniversary celebration,11/10/2024,5,offline,friends,Wedding
937,anniversary celebration,2/9/2025,7,online,public,Birthday Party
938,birthday party,11/18/2024,9,onsite,custom,Birthday Party
939,wedding,2/2/2025,17,onsite,public,Conference
940,graduation ceremony,5/6/2024,14,onsite,public,Festival
941,wedding,4/2/2024,15,onsite,private,Birthday Party
942,birthday party,10/7/2024,1,hybrid,custom,Concert
943,birthday party,7/25/2024,15,offline,private,Birthday Party
944,birthday party,8/3/2024,10,hybrid,friends,Wedding
945,baby shower,9/26/2024,10,online,friends,Concert
946,anniversary celebration,9/9/2024,23,hybrid,custom,Concert
947,anniversary celebration,12/6/2024,12,onsite,private,Birthday Party
948,anniversary celebration,7/3/2024,14,hybrid,friends,Concert
949,graduation ceremony,8/2/2024,3,online,public,Birthday Party
950,wedding,3/15/2024,18,hybrid,friends,Conference
951,baby shower,11/15/2024,19,offline,public,Birthday Party
952,wedding,9/15/2024,9,hybrid,private,Wedding
953,baby shower,9/23/2024,15,online,friends,Conference
954,anniversary celebration,12/30/2024,17,online,custom,Conference
955,wedding,2/9/2025,4,offline,friends,Birthday Party
956,anniversary celebration,7/18/2024,11,onsite,custom,Conference
957,graduation ceremony,9/8/2024,11,online,private,Conference
958,anniversary celebration,6/21/2024,16,onsite,friends,Conference
959,wedding,1/19/2025,16,onsite,public,Concert
960,birthday party,12/18/2024,0,online,custom,Birthday Party
961,wedding,3/9/2024,5,online,friends,Birthday Party
962,graduation ceremony,3/24/2024,23,online,public,Festival
963,birthday party,7/22/2024,5,online,private,Wedding
964,graduation ceremony,2/29/2024,2,hybrid,public,Conference
965,birthday party,8/21/2024,20,online,private,Conference
966,baby shower,9/11/2024,3,hybrid,custom,Conference
967,anniversary celebration,1/10/2025,7,hybrid,custom,Concert
968,wedding,11/2/2024,12,onsite,public,Wedding
969,baby shower,11/12/2024,21,hybrid,friends,Festival
970,birthday party,7/15/2024,8,onsite,private,Conference
971,birthday party,9/23/2024,15,onsite,custom,Concert
972,anniversary celebration,1/24/2025,12,hybrid,public,Conference
973,graduation ceremony,12/12/2024,0,onsite,friends,Conference
974,birthday party,6/15/2024,16,onsite,public,Concert
975,baby shower,2/29/2024,19,online,custom,Festival
976,anniversary celebration,2/15/2025,3,hybrid,public,Conference
977,graduation ceremony,3/1/2024,20,online,public,Conference
978,anniversary celebration,3/18/2024,8,onsite,private,Concert
979,graduation ceremony,1/6/2025,19,onsite,private,Birthday Party
980,graduation ceremony,6/11/2024,13,online,public,Wedding
981,anniversary celebration,7/5/2024,17,offline,public,Concert
982,anniversary celebration,4/11/2024,7,offline,private,Wedding
983,graduation ceremony,2/20/2025,23,offline,custom,Festival
984,baby shower,11/19/2024,21,hybrid,custom,Conference
985,birthday party,8/24/2024,19,offline,private,Birthday Party
986,wedding,10/24/2024,2,online,friends,Wedding
987,baby shower,2/23/2025,5,offline,custom,Conference
988,graduation ceremony,4/3/2024,2,online,private,Festival
989,baby shower,11/3/2024,21,offline,private,Birthday Party
990,birthday party,12/25/2024,16,online,private,Festival
991,birthday party,5/11/2024,6,offline,custom,Birthday Party
992,anniversary celebration,4/18/2024,13,onsite,custom,Wedding
993,graduation ceremony,3/30/2024,2,online,public,Concert
994,baby shower,4/30/2024,9,onsite,private,Conference
995,wedding,9/19/2024,5,hybrid,friends,Wedding
996,birthday party,10/29/2024,11,onsite,custom,Conference
997,anniversary celebration,12/23/2024,0,onsite,friends,Festival
998,birthday party,7/23/2024,8,onsite,public,Conference
999,wedding,9/10/2024,3,online,friends,Birthday Party
1000,baby shower,12/3/2024,12,online,private,Concert
