id_mensaje,contenido,fecha,hora,receptor
1,image/jpeg,7/21/2013,21,hgreedier0
2,image/png,10/8/2014,10,bkidney1
3,text/plain,6/28/2016,7,abalhatchet2
4,video/x-mpeg,6/3/2016,0,etrimbey3
5,image/pjpeg,4/2/2012,6,cblaiklock4
6,video/x-mpeg,5/4/2015,9,gpolden5
7,application/pdf,9/9/2008,3,mjentges6
8,application/x-excel,5/5/2016,5,clindstrom7
9,application/x-excel,7/11/2014,11,tsheehan8
10,application/pdf,5/24/2018,22,drowbury9
11,application/vnd.ms-powerpoint,3/28/2022,0,hvanbrugha
12,video/x-msvideo,8/27/2017,5,lbatramb
13,video/avi,11/6/2011,14,hhavillc
14,application/x-troff-msvideo,1/3/2018,6,nolivid
15,application/x-excel,7/23/2021,18,vegee
16,image/x-tiff,6/20/2017,16,jjoseferf
17,application/pdf,7/22/2024,1,gkirsoppg
18,audio/mpeg3,10/6/2009,16,gnormantonh
19,image/pjpeg,4/5/2012,7,amulhollandi
20,image/png,7/6/2019,20,bbeadnellj
21,audio/x-mpeg-3,6/6/2008,10,gjarrittk
22,video/mpeg,4/25/2021,16,hachromovl
23,image/png,6/8/2017,22,dlongthornem
24,application/pdf,12/2/2017,14,bohallihanen
25,application/x-mspowerpoint,8/18/2023,4,cdecastrio
26,video/mpeg,3/28/2011,3,soutlawp
27,image/jpeg,5/11/2019,10,smcnaeq
28,application/x-msexcel,3/31/2016,5,nflaxonr
29,application/x-mspowerpoint,6/21/2017,7,mhums
30,application/mspowerpoint,9/5/2020,9,dmattist
31,image/tiff,6/30/2020,1,rstoneu
32,video/quicktime,7/11/2021,20,gbichenerv
33,image/tiff,10/23/2015,16,dkleslw
34,application/x-troff-msvideo,12/28/2021,23,rplaicex
35,image/tiff,2/23/2015,11,elowyy
36,text/plain,11/21/2021,1,mseagarz
37,application/vnd.ms-powerpoint,12/22/2017,3,ecana10
38,application/x-excel,6/24/2021,12,lhessentaler11
39,application/mspowerpoint,5/28/2020,18,fjerrome12
40,application/pdf,8/9/2010,21,hbrazear13
41,audio/mpeg3,6/16/2021,19,mcurry14
42,image/tiff,11/7/2018,3,riskov15
43,image/tiff,7/19/2011,3,sjamot16
44,application/powerpoint,11/23/2008,23,pchittock17
45,audio/x-mpeg-3,3/18/2018,23,jmullins18
46,video/msvideo,7/29/2022,21,atidd19
47,video/x-msvideo,10/20/2022,0,mcorradi1a
48,application/vnd.ms-excel,10/8/2019,21,sflode1b
49,application/vnd.ms-excel,5/10/2010,12,cearwicker1c
50,application/vnd.ms-powerpoint,7/10/2012,12,rantonnikov1d
51,video/mpeg,5/14/2015,0,tconerding1e
52,image/gif,11/26/2022,22,rwoodnutt1f
53,application/msword,9/7/2008,10,asyphas1g
54,video/mpeg,12/31/2014,21,akilfedder1h
55,application/x-excel,5/2/2015,4,aimloch1i
56,image/x-tiff,1/2/2011,10,ndemeyer1j
57,application/x-troff-msvideo,12/28/2008,12,fwhyley1k
58,video/quicktime,7/22/2018,8,dstoneman1l
59,image/png,5/20/2019,19,gcelier1m
60,application/pdf,12/10/2017,6,mlarchiere1n
61,application/msword,8/21/2021,15,cpavel1o
62,image/pjpeg,8/9/2022,18,egudahy1p
63,application/msword,5/17/2011,2,icoughlan1q
64,video/mpeg,7/2/2024,23,mjellis1r
65,image/gif,8/27/2020,11,sgreatorex1s
66,application/pdf,1/12/2024,22,mlambdin1t
67,application/x-msexcel,1/9/2012,0,rmcowen1u
68,image/jpeg,5/17/2023,20,gbantham1v
69,application/vnd.ms-excel,12/21/2012,2,agilling1w
70,application/excel,12/26/2013,21,lsparham1x
71,video/mpeg,9/23/2017,13,evallance1y
72,application/x-excel,6/25/2015,13,asinnie1z
73,image/gif,8/25/2019,22,umaccoughan20
74,video/msvideo,1/26/2018,23,sogus21
75,application/excel,9/18/2008,1,bweaving22
76,video/avi,9/28/2019,5,vflarity23
77,image/jpeg,5/10/2016,7,rkhoter24
78,video/x-msvideo,9/4/2015,4,gbriars25
79,video/mpeg,6/20/2008,22,cmateos26
80,video/avi,4/30/2020,0,blafont27
81,text/plain,12/26/2018,10,jbridle28
82,video/x-msvideo,5/17/2016,15,scalam29
83,application/x-mspowerpoint,4/2/2024,23,lpinkerton2a
84,video/x-mpeg,8/13/2009,5,bdoige2b
85,application/pdf,2/22/2022,10,gshillinglaw2c
86,image/tiff,3/30/2021,5,wholyland2d
87,video/mpeg,12/9/2016,19,rstuchbury2e
88,audio/x-mpeg-3,2/9/2023,11,rchesson2f
89,application/excel,9/13/2023,2,atunkin2g
90,application/powerpoint,5/30/2015,1,lgaber2h
91,audio/mpeg3,9/26/2011,0,charner2i
92,video/mpeg,12/16/2019,17,sdandie2j
93,video/avi,5/31/2021,0,rwilloughway2k
94,audio/x-mpeg-3,1/18/2014,21,fades2l
95,video/quicktime,3/28/2022,17,rmccerery2m
96,video/x-msvideo,3/26/2014,21,jlefwich2n
97,video/mpeg,9/4/2009,12,ewevell2o
98,application/powerpoint,3/13/2012,15,fdannatt2p
99,image/png,11/9/2013,17,fchateau2q
100,application/powerpoint,2/11/2015,17,ldoniso2r
101,video/x-msvideo,9/25/2020,13,nhirsthouse2s
102,application/mspowerpoint,12/23/2020,11,ekean2t
103,video/x-msvideo,8/10/2024,4,eeaddy2u
104,application/msword,11/2/2020,9,phaddrill2v
105,video/x-msvideo,5/7/2015,22,mcorby2w
106,audio/mpeg3,7/29/2018,11,uearthfield2x
107,image/gif,10/24/2024,9,gkondratovich2y
108,application/vnd.ms-excel,11/2/2018,21,mkeeffe2z
109,application/vnd.ms-powerpoint,6/23/2023,1,lathelstan30
110,application/mspowerpoint,3/13/2013,7,ctuff31
111,application/vnd.ms-powerpoint,2/29/2020,7,kpawden32
112,video/msvideo,12/25/2024,12,wwedlock33
113,image/x-tiff,9/5/2023,23,umatton34
114,application/vnd.ms-powerpoint,10/1/2017,3,qfrederick35
115,image/jpeg,3/4/2019,23,vkeighley36
116,audio/x-mpeg-3,12/17/2011,4,bpeploe37
117,application/x-msexcel,12/13/2023,2,smunford38
118,video/msvideo,10/29/2014,19,gbrookshaw39
119,application/vnd.ms-excel,1/16/2015,9,jpetrowsky3a
120,application/excel,10/7/2012,9,hdeboo3b
121,application/vnd.ms-excel,4/16/2020,16,dsemarke3c
122,image/pjpeg,1/4/2016,21,mdeaves3d
123,image/png,9/11/2011,13,bboffin3e
124,image/gif,7/20/2010,19,fkayzer3f
125,application/vnd.ms-powerpoint,2/3/2010,3,irobottham3g
126,application/mspowerpoint,7/2/2023,13,gjakov3h
127,application/x-msexcel,4/29/2018,23,wmoreinis3i
128,application/mspowerpoint,2/15/2010,15,ghuitt3j
129,video/x-msvideo,5/2/2023,16,aandrieu3k
130,application/excel,10/11/2013,12,mdurant3l
131,text/plain,4/20/2010,21,mbarkway3m
132,application/vnd.ms-excel,5/20/2016,16,cloosemore3n
133,application/x-troff-msvideo,12/17/2017,3,kfilipponi3o
134,application/pdf,6/13/2019,15,adavydochkin3p
135,text/plain,3/14/2021,13,freast3q
136,video/quicktime,5/5/2021,6,pcorrao3r
137,application/excel,8/29/2020,14,meplett3s
138,image/png,1/21/2016,14,hlavrick3t
139,application/x-mspowerpoint,4/4/2020,17,sjaggi3u
140,video/avi,12/29/2010,6,mhagwood3v
141,application/vnd.ms-powerpoint,2/17/2016,7,clamburn3w
142,application/vnd.ms-powerpoint,4/11/2015,7,lcurragh3x
143,video/x-msvideo,3/14/2023,12,jhazelgrove3y
144,video/x-msvideo,10/2/2022,8,roliphand3z
145,application/x-mspowerpoint,11/10/2015,21,acarous40
146,image/gif,4/20/2011,9,bdonwell41
147,video/quicktime,12/11/2010,1,pbillson42
148,application/x-troff-msvideo,2/12/2021,2,bdavet43
149,image/jpeg,10/7/2020,18,witschakov44
150,image/tiff,2/16/2024,1,bkrojn45
151,audio/x-mpeg-3,7/14/2009,23,dgrigoroni46
152,application/x-excel,11/21/2019,13,mhugnet47
153,application/vnd.ms-powerpoint,7/9/2008,21,remmott48
154,application/mspowerpoint,11/4/2019,6,ncrimes49
155,image/x-tiff,4/4/2023,3,mwestrope4a
156,video/msvideo,8/11/2012,3,stolan4b
157,image/pjpeg,4/28/2008,11,rgalvan4c
158,audio/x-mpeg-3,3/22/2023,5,aluty4d
159,video/x-msvideo,11/12/2018,14,tannon4e
160,video/avi,4/24/2015,2,mtreuge4f
161,application/mspowerpoint,4/3/2021,23,sroughey4g
162,image/pjpeg,7/28/2019,20,elendon4h
163,video/x-msvideo,10/28/2021,12,cdudman4i
164,application/pdf,8/24/2015,7,esmoote4j
165,image/gif,2/25/2018,4,acatonnet4k
166,video/msvideo,1/22/2019,13,nclemits4l
167,video/avi,1/18/2009,22,bhyrons4m
168,application/powerpoint,6/3/2020,1,gscini4n
169,application/x-troff-msvideo,8/7/2021,18,rmegson4o
170,application/x-msexcel,8/15/2016,22,snalder4p
171,image/jpeg,8/17/2024,12,fstockall4q
172,video/x-msvideo,1/8/2024,22,dluter4r
173,image/gif,1/10/2011,13,gcalway4s
174,application/x-mspowerpoint,12/10/2014,13,plauridsen4t
175,video/msvideo,11/14/2013,8,ecoghlan4u
176,text/plain,11/9/2013,21,jvarndall4v
177,image/tiff,9/24/2022,10,nrupke4w
178,image/tiff,10/1/2011,21,ggoggan4x
179,application/vnd.ms-excel,7/3/2011,4,twheelwright4y
180,application/mspowerpoint,11/22/2021,7,kfoister4z
181,image/tiff,7/17/2011,18,btythe50
182,application/excel,3/16/2018,1,rmcgreary51
183,audio/x-mpeg-3,4/22/2022,15,kbetun52
184,video/avi,11/13/2018,14,ftawse53
185,application/x-excel,3/4/2022,6,omcmurray54
186,audio/mpeg3,1/23/2009,16,mmattaser55
187,image/jpeg,5/15/2021,15,otaffurelli56
188,image/jpeg,1/27/2013,6,washpole57
189,application/powerpoint,3/20/2020,15,bcowper58
190,text/plain,10/8/2008,1,dtownsend59
191,application/vnd.ms-powerpoint,5/9/2015,12,wcuff5a
192,image/pjpeg,12/11/2024,1,kpicker5b
193,image/x-tiff,7/4/2010,7,gmulvany5c
194,application/excel,8/21/2022,8,jfrohock5d
195,audio/x-mpeg-3,1/11/2016,5,vbonevant5e
196,video/mpeg,2/5/2014,8,etuhy5f
197,application/x-excel,10/31/2009,23,agreep5g
198,application/vnd.ms-powerpoint,9/14/2011,20,dfitzgibbon5h
199,application/x-msexcel,8/3/2021,14,boday5i
200,application/x-troff-msvideo,10/7/2010,14,rmacgilrewy5j
201,application/vnd.ms-excel,6/4/2021,4,coswald5k
202,application/x-troff-msvideo,10/8/2019,14,tbremeyer5l
203,application/x-mspowerpoint,8/29/2020,18,ahooban5m
204,application/x-excel,1/29/2018,1,sblindt5n
205,application/x-msexcel,8/3/2008,6,gmatteoli5o
206,image/jpeg,4/30/2016,21,lavrahamy5p
207,video/mpeg,2/20/2011,9,jmcfall5q
208,image/gif,10/18/2013,14,nbeden5r
209,application/x-msexcel,6/15/2008,14,ktinmouth5s
210,video/msvideo,3/18/2012,17,mbruhn5t
211,application/vnd.ms-excel,1/29/2020,14,tcardenosa5u
212,application/x-mspowerpoint,8/25/2012,19,oferentz5v
213,audio/x-mpeg-3,12/14/2012,10,rteml5w
214,application/x-excel,3/21/2020,4,sjellybrand5x
215,video/avi,10/9/2024,21,vvossing5y
216,audio/x-mpeg-3,5/11/2023,20,awindress5z
217,image/gif,4/12/2015,4,bdeegan60
218,application/x-mspowerpoint,6/6/2019,17,scornwall61
219,application/excel,5/7/2012,7,smycock62
220,application/x-troff-msvideo,4/30/2023,8,wventris63
221,image/png,10/1/2011,1,jpulley64
222,video/avi,10/24/2013,13,lstribling65
223,application/x-mspowerpoint,1/4/2019,6,dferre66
224,application/excel,5/9/2011,16,cbarrington67
225,video/msvideo,1/25/2025,20,bfery68
226,video/x-msvideo,12/23/2017,20,fbowlas69
227,video/mpeg,7/3/2008,0,gartis6a
228,application/msword,9/21/2023,4,bsergent6b
229,application/x-troff-msvideo,5/31/2024,19,alubomirski6c
230,application/pdf,8/24/2019,5,mszymczyk6d
231,application/x-troff-msvideo,3/5/2018,23,egilliver6e
232,application/powerpoint,12/21/2019,2,bglabach6f
233,application/vnd.ms-excel,1/22/2016,21,rmcnea6g
234,application/mspowerpoint,2/10/2016,20,aonolan6h
235,image/pjpeg,9/21/2012,1,mramlot6i
236,application/msword,8/1/2013,17,mdrysdale6j
237,application/x-troff-msvideo,9/18/2024,11,cpointer6k
238,application/msword,11/2/2014,2,gpothergill6l
239,image/pjpeg,7/12/2015,20,jwombwell6m
240,application/excel,6/8/2024,22,hcantle6n
241,application/msword,7/31/2011,1,hnyssens6o
242,image/x-tiff,4/1/2010,10,ogarstang6p
243,application/x-troff-msvideo,11/16/2020,9,khymer6q
244,image/png,1/17/2024,11,fiacovazzi6r
245,image/pjpeg,4/13/2017,23,mdyne6s
246,application/vnd.ms-powerpoint,12/29/2024,21,sperel6t
247,application/x-excel,5/18/2010,12,cdunsmuir6u
248,application/powerpoint,8/25/2011,21,dplumley6v
249,application/excel,7/7/2013,4,cbarstock6w
250,application/vnd.ms-powerpoint,11/28/2012,22,pdeyes6x
251,application/vnd.ms-powerpoint,12/15/2022,17,nhurler6y
252,image/x-tiff,11/11/2022,13,dbottelstone6z
253,video/avi,5/18/2020,22,ejollye70
254,image/x-tiff,11/9/2023,1,ayousef71
255,video/quicktime,10/22/2023,11,tgaley72
256,application/vnd.ms-powerpoint,1/8/2016,7,dsibbe73
257,video/avi,12/12/2021,10,bcornil74
258,video/x-mpeg,8/29/2016,6,ddunkerly75
259,application/excel,3/10/2009,8,wcolthard76
260,application/pdf,5/23/2010,10,aselborne77
261,application/mspowerpoint,3/9/2009,7,gboyson78
262,video/avi,12/4/2023,22,kclinton79
263,audio/mpeg3,4/20/2015,9,abeeho7a
264,application/pdf,4/22/2015,14,lkrienke7b
265,application/vnd.ms-powerpoint,8/10/2015,6,slong7c
266,image/pjpeg,10/11/2020,16,jcompson7d
267,video/avi,6/12/2008,6,tdanit7e
268,application/powerpoint,11/13/2022,22,hroscow7f
269,application/x-troff-msvideo,4/5/2010,9,lhuitt7g
270,application/x-troff-msvideo,11/20/2009,12,mbowness7h
271,video/quicktime,11/10/2018,20,rwomack7i
272,video/mpeg,10/24/2012,4,dbonsul7j
273,video/mpeg,3/27/2020,20,adundendale7k
274,video/x-mpeg,1/24/2013,7,npoure7l
275,image/png,7/2/2023,5,adowse7m
276,application/vnd.ms-excel,2/21/2016,7,bcapaldo7n
277,application/vnd.ms-excel,12/22/2013,21,mfrancescoccio7o
278,video/mpeg,8/1/2018,8,pcoldwell7p
279,video/mpeg,12/2/2019,18,rblandamore7q
280,application/x-excel,2/26/2020,0,apirazzi7r
281,application/pdf,6/14/2014,15,mwhittock7s
282,image/png,8/28/2012,10,gnewland7t
283,video/msvideo,9/8/2015,12,jpeto7u
284,image/tiff,4/17/2010,5,pfarny7v
285,video/quicktime,11/2/2009,23,scluney7w
286,image/gif,11/24/2011,21,sfanning7x
287,application/x-excel,3/15/2011,18,bseely7y
288,application/x-excel,2/21/2020,11,hloffhead7z
289,application/mspowerpoint,1/9/2025,21,roakton80
290,image/png,10/9/2010,12,fsenton81
291,application/vnd.ms-excel,11/5/2015,16,acarrick82
292,video/x-mpeg,2/12/2021,15,hgallety83
293,application/vnd.ms-powerpoint,12/14/2023,3,msomerlie84
294,video/mpeg,6/7/2014,0,bkaysor85
295,application/powerpoint,7/30/2021,0,meburah86
296,image/pjpeg,5/1/2014,16,kperrone87
297,image/png,4/20/2011,3,stwentyman88
298,application/excel,10/1/2017,17,balekseev89
299,video/mpeg,12/21/2021,15,gdegiorgi8a
300,application/pdf,8/5/2023,17,lbrinkman8b
301,application/mspowerpoint,2/9/2011,19,ggaw8c
302,application/x-msexcel,10/24/2016,16,pmcilvoray8d
303,application/x-msexcel,8/5/2008,6,rlyles8e
304,audio/mpeg3,5/11/2018,2,aheakey8f
305,application/vnd.ms-powerpoint,10/16/2018,15,bspawell8g
306,application/powerpoint,6/1/2016,3,gtiller8h
307,audio/mpeg3,8/3/2008,6,mmonk8i
308,video/quicktime,10/11/2021,16,ggavagan8j
309,application/vnd.ms-powerpoint,8/15/2022,22,cnaulls8k
310,image/x-tiff,9/7/2019,22,mchampneys8l
311,audio/mpeg3,11/8/2008,5,hahmed8m
312,application/mspowerpoint,3/5/2022,9,idoulden8n
313,application/pdf,12/5/2012,20,lcoleridge8o
314,video/quicktime,12/8/2012,4,mmatignon8p
315,image/jpeg,3/18/2008,6,hgoodwell8q
316,video/msvideo,2/8/2020,20,rjuszczyk8r
317,application/x-excel,12/1/2023,20,eonion8s
318,application/powerpoint,1/26/2024,6,gpeskett8t
319,application/x-excel,7/3/2019,13,vchoulerton8u
320,image/tiff,3/27/2014,2,mlusty8v
321,video/mpeg,9/12/2015,4,mdunckley8w
322,image/x-tiff,6/19/2012,15,vblooman8x
323,image/x-tiff,10/9/2009,6,cteanby8y
324,image/jpeg,3/22/2019,10,cdrysdell8z
325,application/x-excel,4/23/2019,15,astorrah90
326,image/gif,4/14/2013,16,cdeeming91
327,application/x-troff-msvideo,4/10/2015,12,lbeaufoy92
328,application/powerpoint,2/18/2012,5,ljumonet93
329,audio/mpeg3,9/17/2024,3,jfrankema94
330,text/plain,8/8/2019,22,jmackney95
331,application/pdf,2/28/2018,0,lhansill96
332,audio/mpeg3,3/17/2017,13,ethirwell97
333,application/vnd.ms-excel,8/28/2012,15,fbenstead98
334,application/excel,7/17/2022,23,gjostan99
335,application/excel,6/30/2020,16,pmerriott9a
336,image/pjpeg,9/21/2008,3,rhalwood9b
337,application/x-troff-msvideo,8/22/2010,11,zdils9c
338,image/pjpeg,12/26/2021,19,pbrandassi9d
339,application/pdf,12/27/2019,18,cbenard9e
340,image/pjpeg,6/30/2011,17,mbaines9f
341,video/x-msvideo,10/9/2019,17,rbarthelemy9g
342,audio/x-mpeg-3,7/24/2014,13,mgeill9h
343,video/mpeg,10/13/2009,4,cdescroix9i
344,video/mpeg,6/26/2010,2,rklich9j
345,application/mspowerpoint,7/21/2015,4,jtompkinson9k
346,application/x-mspowerpoint,5/5/2019,20,wpietz9l
347,image/png,6/24/2016,12,laizikovitz9m
348,video/quicktime,9/19/2020,1,cende9n
349,video/msvideo,5/21/2015,0,wyellowlees9o
350,image/tiff,2/10/2023,23,rfarbrace9p
351,video/x-mpeg,7/31/2011,23,tattfield9q
352,video/x-msvideo,7/31/2022,18,jblackly9r
353,application/excel,4/27/2022,10,fbewshire9s
354,video/x-msvideo,7/17/2014,23,lsturdgess9t
355,video/mpeg,7/14/2017,7,libbetson9u
356,application/msword,5/16/2015,23,ptimbridge9v
357,audio/mpeg3,3/10/2015,6,fhenbury9w
358,video/x-mpeg,12/12/2011,0,nklulicek9x
359,video/mpeg,9/28/2021,11,mdietmar9y
360,application/x-excel,11/17/2008,11,kfidge9z
361,video/mpeg,12/6/2016,19,jrenfielda0
362,application/excel,6/16/2015,1,bgaytora1
363,image/tiff,7/5/2018,21,sdooda2
364,audio/x-mpeg-3,11/6/2020,10,tyaakova3
365,image/x-tiff,10/25/2024,4,ltosspella4
366,application/pdf,12/10/2016,16,cbasleya5
367,application/x-msexcel,1/24/2019,1,dszanthoa6
368,application/x-mspowerpoint,9/5/2019,10,textala7
369,audio/mpeg3,1/23/2024,8,aventona8
370,application/x-excel,3/24/2020,4,jmanifielda9
371,audio/x-mpeg-3,11/29/2017,21,odaymentaa
372,video/msvideo,9/26/2018,3,kshaleab
373,video/mpeg,6/11/2015,14,owintersgillac
374,image/gif,5/21/2013,15,mgiovanardiad
375,application/mspowerpoint,5/27/2013,6,spoveyae
376,application/mspowerpoint,12/9/2015,16,cmacnamaraaf
377,application/mspowerpoint,4/19/2010,16,bbraderag
378,image/x-tiff,6/20/2022,21,lkarolowskiah
379,application/x-msexcel,9/24/2024,0,esuttieai
380,application/msword,3/23/2010,11,tcrosfeldaj
381,application/msword,8/13/2009,2,whickinbottomak
382,audio/mpeg3,5/12/2020,6,clequesneal
383,application/powerpoint,9/14/2014,14,lbulleam
384,video/x-msvideo,8/17/2020,20,cfairburnean
385,image/gif,4/11/2013,16,mradishao
386,image/pjpeg,10/1/2012,19,fattardap
387,video/mpeg,8/4/2017,10,skingswoldaq
388,application/x-msexcel,2/17/2015,6,wyoullar
389,application/vnd.ms-excel,9/30/2024,0,gforgeas
390,application/pdf,9/30/2021,8,dubsdellat
391,application/x-mspowerpoint,3/21/2009,19,ppleaceau
392,application/x-excel,11/26/2015,4,bgreaserav
393,video/x-mpeg,6/10/2010,6,cbleiaw
394,application/mspowerpoint,3/17/2024,16,lcorkeax
395,application/vnd.ms-powerpoint,4/29/2009,6,gcasserlyay
396,application/x-troff-msvideo,12/3/2013,8,kgowrichaz
397,application/mspowerpoint,12/28/2019,16,gsimkab0
398,image/x-tiff,12/31/2018,21,jebib1
399,application/x-excel,5/30/2009,23,hgarrouldb2
400,image/pjpeg,9/23/2016,3,jbennallckb3
401,video/quicktime,6/28/2015,5,mmeachb4
402,text/plain,5/24/2021,11,rmorphetb5
403,application/msword,8/20/2008,7,mespinheirab6
404,video/avi,5/30/2022,16,bkeigherb7
405,application/powerpoint,12/23/2018,1,csiebb8
406,image/jpeg,11/12/2008,8,mdrabbleb9
407,text/plain,4/15/2015,7,lpulmanba
408,application/mspowerpoint,3/22/2023,5,rmacdermandbb
409,image/x-tiff,1/29/2013,13,landrebc
410,application/mspowerpoint,11/11/2022,6,rpostgatebd
411,application/pdf,8/21/2017,10,ebarrowcliffebe
412,image/tiff,4/12/2021,21,vliffebf
413,video/avi,6/4/2019,3,cnobrigabg
414,video/avi,5/25/2013,6,pbridglandbh
415,application/excel,5/29/2024,4,mbointonbi
416,application/x-mspowerpoint,5/24/2010,20,fokeevanbj
417,image/png,2/5/2013,0,chinschbk
418,application/mspowerpoint,1/7/2011,7,jcloustonbl
419,video/x-msvideo,4/25/2021,5,wmatulabm
420,image/tiff,3/17/2013,9,cquartonbn
421,audio/x-mpeg-3,3/20/2021,23,gdossitbo
422,application/x-mspowerpoint,9/8/2018,11,kmogfordbp
423,video/quicktime,6/7/2010,16,sdobbisonbq
424,application/vnd.ms-excel,6/14/2023,11,sdackebr
425,video/msvideo,8/4/2014,13,kdowdabs
426,image/pjpeg,6/13/2015,20,vgoskerbt
427,image/tiff,7/23/2022,18,pjanuszewiczbu
428,audio/x-mpeg-3,7/3/2014,7,rebbottsbv
429,video/x-mpeg,9/26/2024,18,bbisacrebw
430,application/vnd.ms-powerpoint,2/15/2018,8,cmayoubx
431,image/tiff,10/19/2009,4,lraouxby
432,video/avi,5/14/2010,16,ctyremanbz
433,video/mpeg,6/28/2017,3,gjehaesc0
434,video/mpeg,7/28/2017,14,gkimptonc1
435,audio/mpeg3,12/30/2014,0,wjaysc2
436,image/pjpeg,1/8/2011,15,alouthec3
437,text/plain,9/28/2008,6,nboormanc4
438,image/jpeg,10/31/2023,1,nkarlsenc5
439,image/png,12/3/2015,23,ntinec6
440,application/x-excel,6/9/2014,10,rganniclifftc7
441,image/pjpeg,2/18/2016,4,mdittyc8
442,audio/mpeg3,2/24/2009,16,dkellewayc9
443,application/vnd.ms-excel,1/1/2016,16,kkingdomca
444,image/tiff,3/11/2014,4,ebrissardcb
445,image/png,10/11/2016,11,nmolloycc
446,video/msvideo,2/11/2014,19,gphilpottcd
447,audio/mpeg3,8/9/2021,14,tmayesce
448,text/plain,2/5/2010,3,bboddycf
449,audio/mpeg3,8/7/2009,20,rpenbarthycg
450,application/msword,6/26/2023,2,kdumbarch
451,application/vnd.ms-excel,6/15/2022,13,gburgynci
452,image/png,9/16/2013,4,aupsoncj
453,application/excel,2/27/2010,22,emconieck
454,application/x-mspowerpoint,5/1/2019,4,kbarockcl
455,video/msvideo,2/17/2017,13,csilkstoncm
456,video/mpeg,2/17/2014,19,zshortlandcn
457,application/msword,11/17/2011,15,mhabbenco
458,video/avi,12/27/2019,4,mhainningcp
459,application/excel,12/31/2018,23,acrudencq
460,application/excel,5/12/2023,23,dstanggjertsencr
461,image/tiff,10/3/2009,14,edevennycs
462,image/jpeg,11/30/2017,6,jtomasinict
463,application/x-troff-msvideo,1/23/2012,9,ccomiskeycu
464,application/vnd.ms-powerpoint,6/23/2023,11,bbouldcv
465,application/x-mspowerpoint,6/10/2020,3,cjedrasikcw
466,image/jpeg,4/20/2021,8,adraycx
467,video/quicktime,5/28/2021,18,rkroincy
468,application/x-msexcel,9/21/2009,8,vlewinscz
469,audio/x-mpeg-3,10/23/2022,5,apetrand0
470,text/plain,9/11/2012,2,eredmiled1
471,image/jpeg,4/16/2019,16,icraigsd2
472,video/quicktime,11/13/2020,12,espoured3
473,application/excel,3/28/2016,23,vmacmychemd4
474,application/msword,10/4/2017,13,jdimmickd5
475,application/x-msexcel,6/30/2020,18,kjacobowitzd6
476,application/vnd.ms-powerpoint,9/2/2021,5,mthongerd7
477,video/quicktime,5/15/2015,18,tluciend8
478,application/x-mspowerpoint,9/30/2010,2,rrisbroughd9
479,video/msvideo,4/3/2008,4,smcnameeda
480,image/pjpeg,1/21/2018,0,cchoppingdb
481,application/x-msexcel,8/2/2011,13,mblakeleydc
482,image/pjpeg,1/4/2011,20,fwalentynowiczdd
483,image/x-tiff,1/17/2021,20,pshortinde
484,audio/mpeg3,6/2/2010,21,cianinottidf
485,application/msword,10/24/2014,5,ktiffneydg
486,video/mpeg,5/18/2021,11,ehundaldh
487,application/x-excel,11/2/2008,2,awacklydi
488,audio/mpeg3,7/13/2018,18,atabourdj
489,image/tiff,9/16/2016,21,fpiotrdk
490,application/x-mspowerpoint,8/29/2018,13,amcelorydl
491,application/msword,9/13/2018,16,wharrissondm
492,application/x-troff-msvideo,6/3/2014,3,liacomidn
493,application/vnd.ms-powerpoint,12/12/2013,8,dphilippsohndo
494,image/x-tiff,10/6/2008,16,csimonydp
495,application/powerpoint,7/26/2020,6,hsetchdq
496,audio/mpeg3,8/13/2010,12,bjayumedr
497,image/png,12/9/2009,0,agrayshands
498,video/avi,11/26/2024,11,wendecottdt
499,application/powerpoint,9/17/2024,2,ksumersdu
500,image/png,4/18/2013,20,agosnaydv
501,application/mspowerpoint,8/18/2019,19,lskeindw
502,video/quicktime,9/26/2021,3,swallworthdx
503,application/vnd.ms-excel,10/2/2008,14,atraceydy
504,application/vnd.ms-powerpoint,3/4/2015,11,ikurtondz
505,text/plain,5/23/2023,15,crapere0
506,video/msvideo,6/17/2022,14,gdesortse1
507,application/x-msexcel,12/19/2020,9,jdurrette2
508,video/msvideo,12/12/2012,15,mdawberye3
509,video/avi,7/5/2018,18,scoppinse4
510,application/pdf,9/30/2014,13,ihaddackse5
511,application/msword,8/16/2024,15,rlampele6
512,video/mpeg,4/10/2011,8,fvedikhove7
513,image/png,3/29/2018,9,adomenicoe8
514,application/powerpoint,6/20/2015,17,aforrestere9
515,application/mspowerpoint,6/9/2015,3,wcheaterea
516,audio/x-mpeg-3,8/13/2011,7,sswindleeb
517,application/x-troff-msvideo,2/20/2014,10,jbabcockec
518,video/x-msvideo,11/18/2013,18,fcapineered
519,application/mspowerpoint,6/8/2011,13,dgiacomiee
520,audio/mpeg3,9/29/2022,16,esaveryef
521,application/vnd.ms-powerpoint,3/12/2017,0,rhileyeg
522,image/jpeg,9/16/2009,11,izorzinieh
523,video/x-mpeg,6/28/2022,10,ndestoopei
524,text/plain,1/26/2020,21,halsopej
525,image/pjpeg,4/1/2017,21,sstuttmanek
526,image/png,4/1/2013,13,cfalkel
527,video/mpeg,12/10/2021,9,dpaulingem
528,application/vnd.ms-powerpoint,11/6/2020,8,ctattersallen
529,video/mpeg,6/29/2011,15,bsailseo
530,image/gif,11/21/2016,23,wfroomeep
531,application/x-mspowerpoint,10/16/2021,19,ggraysmarkeq
532,image/png,3/27/2015,13,braynarder
533,image/tiff,7/8/2010,22,ecammackes
534,application/x-excel,9/3/2018,17,jgilderet
535,video/x-msvideo,11/19/2012,0,dadshadeu
536,image/png,7/1/2017,22,jchilversev
537,audio/x-mpeg-3,4/26/2016,9,dlammertsew
538,application/pdf,12/24/2018,3,bbenedttiex
539,image/jpeg,6/19/2008,13,csuscensey
540,application/x-msexcel,3/19/2013,18,hduffillez
541,application/x-msexcel,7/4/2014,8,msummonsf0
542,application/vnd.ms-powerpoint,12/22/2024,0,atibaltf1
543,image/x-tiff,3/8/2024,18,kfishleyf2
544,video/avi,11/22/2014,20,ncollyf3
545,application/mspowerpoint,1/25/2016,1,gbuskf4
546,image/tiff,4/30/2023,9,owooldridgef5
547,video/x-msvideo,1/19/2009,1,cgarfitf6
548,audio/x-mpeg-3,2/20/2009,9,bfigginsf7
549,video/quicktime,8/14/2021,4,hfellenorf8
550,application/mspowerpoint,7/20/2024,21,gshuttlef9
551,video/mpeg,5/25/2009,6,bsainesfa
552,video/quicktime,11/30/2009,16,gsorleyfb
553,video/avi,7/9/2017,18,apethickfc
554,application/powerpoint,10/3/2012,14,nludovicifd
555,image/x-tiff,10/5/2024,21,ckrautfe
556,application/excel,2/28/2020,20,ngoulderff
557,video/msvideo,11/9/2020,10,bbrevetorfg
558,application/msword,3/14/2014,3,aolomanfh
559,application/mspowerpoint,12/20/2010,13,abiglandfi
560,video/avi,8/2/2011,13,apetrillofj
561,application/vnd.ms-excel,1/30/2014,8,krummingfk
562,image/x-tiff,1/19/2014,12,dlohoarfl
563,application/excel,8/13/2010,17,hfalkinderfm
564,audio/mpeg3,5/20/2017,9,wdoverfn
565,video/mpeg,9/6/2014,6,dthrasherfo
566,image/png,9/6/2010,0,sbemlottfp
567,image/jpeg,12/19/2015,13,tcarvillfq
568,application/x-excel,10/10/2019,16,rlambornefr
569,application/excel,9/3/2023,12,akellickfs
570,text/plain,12/3/2018,8,blackemannft
571,image/png,12/14/2024,17,odowntonfu
572,video/mpeg,10/1/2023,20,tgaitleyfv
573,application/x-mspowerpoint,4/11/2017,19,cpaynfw
574,video/mpeg,3/15/2012,10,lpetaschfx
575,application/msword,10/4/2013,6,rfilipicfy
576,audio/x-mpeg-3,5/1/2022,18,rwherritfz
577,text/plain,5/12/2012,18,sspinellig0
578,application/pdf,1/28/2020,4,floreyg1
579,video/mpeg,3/25/2015,19,faubertg2
580,video/quicktime,9/3/2017,4,nhastwallg3
581,video/mpeg,4/30/2019,1,gbabbsg4
582,audio/mpeg3,7/16/2019,5,cpearlg5
583,application/x-mspowerpoint,3/25/2017,21,rrheubottomg6
584,application/x-excel,5/12/2023,22,acohang7
585,image/jpeg,11/7/2020,0,fbandtg8
586,application/msword,11/14/2022,22,cchampionnetg9
587,application/vnd.ms-powerpoint,6/8/2008,7,sklammanga
588,video/x-msvideo,10/15/2014,15,cmccafferkygb
589,image/jpeg,5/12/2018,8,lgarrettsongc
590,video/quicktime,11/9/2008,7,xpughsleygd
591,video/x-msvideo,6/9/2017,11,fandragge
592,image/gif,12/4/2020,18,bfeareygf
593,application/msword,9/27/2015,7,jkirkbridegg
594,image/gif,12/23/2018,12,bfluckergh
595,audio/x-mpeg-3,2/18/2021,12,cspeddingi
596,application/x-troff-msvideo,1/8/2024,19,abownesgj
597,application/mspowerpoint,1/6/2020,16,cnaveingk
598,image/png,8/16/2012,21,jbeengl
599,video/x-msvideo,9/8/2020,15,ktuveygm
600,video/msvideo,8/7/2015,12,lmarjoramgn
601,video/mpeg,7/18/2012,13,ssuggettgo
602,video/mpeg,7/13/2020,9,rlabbetgp
603,application/vnd.ms-excel,9/21/2018,9,cpeckittgq
604,audio/x-mpeg-3,4/22/2018,1,apeersgr
605,application/mspowerpoint,3/19/2022,13,ndykegs
606,application/msword,3/3/2017,12,kgliddongt
607,application/mspowerpoint,11/16/2018,18,whallergu
608,image/gif,4/12/2011,4,memanuelovgv
609,audio/x-mpeg-3,11/13/2017,21,tlegueygw
610,video/mpeg,10/17/2008,17,dsteuhlmeyergx
611,application/vnd.ms-excel,6/26/2016,14,cdevenishgy
612,application/excel,5/13/2023,6,gliefgz
613,video/mpeg,1/19/2017,20,npoyzerh0
614,application/vnd.ms-excel,1/17/2024,10,nlamparth1
615,application/pdf,6/21/2017,10,zeagersh2
616,application/vnd.ms-powerpoint,3/7/2011,0,gfreeh3
617,video/quicktime,5/2/2013,3,bjozefowiczh4
618,video/quicktime,10/2/2011,3,lwalstowh5
619,image/jpeg,2/4/2016,12,glowthh6
620,application/mspowerpoint,2/8/2018,10,nswayteh7
621,video/mpeg,11/16/2020,12,mhassurh8
622,image/gif,3/16/2012,14,mdalgarnochth9
623,image/x-tiff,11/7/2014,5,ddixceeha
624,video/x-msvideo,3/6/2016,20,amcgawnhb
625,application/pdf,6/18/2023,10,abazellhc
626,image/x-tiff,11/16/2021,21,emawhinneyhd
627,image/png,12/3/2010,4,vschultzhe
628,application/mspowerpoint,4/16/2024,22,mthoroldhf
629,image/jpeg,2/10/2013,15,tbrokenshawhg
630,audio/mpeg3,12/17/2016,11,fyeomanhh
631,video/avi,9/17/2009,6,pcoteshi
632,application/x-troff-msvideo,2/5/2022,3,sbrannonhj
633,application/msword,6/3/2015,18,griordanhk
634,audio/x-mpeg-3,1/11/2009,21,ashielhl
635,video/msvideo,7/22/2020,1,eburgherhm
636,application/excel,11/12/2012,2,rhedylstonehn
637,application/x-msexcel,3/18/2010,5,lisaacho
638,application/mspowerpoint,1/19/2024,8,afluithp
639,image/pjpeg,12/28/2018,2,sshelperhq
640,application/vnd.ms-powerpoint,1/10/2014,14,vhaggardhr
641,application/powerpoint,5/13/2019,2,mendersbyhs
642,video/quicktime,7/17/2017,23,ecotteht
643,image/gif,11/25/2011,23,rwoodingtonhu
644,video/mpeg,11/28/2009,11,hduthiehv
645,video/quicktime,1/21/2015,4,vorganerhw
646,image/pjpeg,1/13/2010,0,efinderhx
647,video/quicktime,10/10/2019,5,iekinshy
648,text/plain,4/11/2012,19,genevoldsenhz
649,application/vnd.ms-powerpoint,9/22/2010,0,greddingi0
650,image/x-tiff,5/5/2009,4,fmolderi1
651,application/excel,5/23/2016,16,bkorpali2
652,image/pjpeg,6/5/2020,15,lmcgannoni3
653,image/jpeg,4/24/2020,15,vwaddupi4
654,image/jpeg,5/25/2023,17,cmacterrellyi5
655,video/mpeg,12/18/2011,8,apendryi6
656,video/x-mpeg,11/24/2015,14,fnewnsi7
657,video/msvideo,3/24/2016,1,rwellbanki8
658,video/x-mpeg,8/13/2008,14,rrenfreei9
659,application/mspowerpoint,7/22/2017,14,rblackeyia
660,application/x-msexcel,11/17/2018,22,dbleasdilleib
661,text/plain,3/29/2019,19,mblaylockic
662,application/vnd.ms-powerpoint,6/20/2016,23,mraywoodid
663,audio/x-mpeg-3,4/10/2015,7,tcolbourneie
664,video/msvideo,12/6/2023,16,rmcenteeif
665,application/vnd.ms-excel,5/1/2016,21,calesbrookig
666,video/x-msvideo,6/22/2008,0,kbehnih
667,application/msword,2/19/2013,14,sriggeyii
668,video/x-mpeg,5/26/2017,8,bmarriageij
669,image/gif,8/2/2018,14,dlecountik
670,image/jpeg,5/10/2022,12,bniessil
671,application/vnd.ms-excel,7/21/2017,5,crangellim
672,image/png,9/15/2020,21,kcamlinin
673,video/quicktime,11/28/2017,19,vbartonio
674,application/x-msexcel,7/10/2022,6,atompkissip
675,application/pdf,6/8/2008,23,ckohnemanniq
676,application/powerpoint,9/18/2010,1,felsleyir
677,video/x-mpeg,8/7/2011,13,gcantois
678,application/pdf,4/13/2024,13,habbatiit
679,application/x-mspowerpoint,3/11/2009,8,gdendleiu
680,video/avi,10/23/2018,21,aboffiniv
681,application/mspowerpoint,8/20/2016,16,emaclureiw
682,application/vnd.ms-excel,12/4/2011,0,rberettaix
683,application/x-msexcel,4/1/2011,13,vpauloniy
684,application/x-troff-msvideo,6/4/2015,20,dmaybeyiz
685,application/x-excel,12/14/2008,23,ifeatherstonehaughj0
686,image/jpeg,3/30/2017,1,hwellandj1
687,audio/mpeg3,1/24/2013,17,khawardenj2
688,video/x-msvideo,4/14/2013,0,eridgej3
689,image/gif,8/13/2010,14,aglasscoej4
690,video/quicktime,10/22/2012,15,brosserj5
691,application/msword,11/29/2022,16,dmontaguej6
692,image/png,2/27/2024,6,rizakj7
693,video/mpeg,10/16/2012,23,sgollopj8
694,application/vnd.ms-excel,7/25/2021,16,igreallyj9
695,audio/x-mpeg-3,10/19/2008,15,mcudbertsonja
696,image/pjpeg,1/10/2021,20,mszapirojb
697,application/msword,8/20/2012,13,nstrowthersjc
698,video/avi,6/14/2012,17,ctrewinjd
699,video/quicktime,8/22/2016,13,hdecortje
700,image/tiff,6/17/2011,2,dheishamjf
701,image/tiff,10/20/2012,3,hlanktreejg
702,audio/mpeg3,1/15/2018,8,kbaitmanjh
703,application/msword,3/25/2019,18,druslenji
704,application/x-troff-msvideo,10/24/2014,16,bdybelljj
705,application/powerpoint,3/2/2010,13,tgarrattjk
706,text/plain,10/29/2010,8,ndecourseyjl
707,image/gif,2/4/2023,2,mkentonjm
708,video/x-mpeg,7/15/2020,23,ibarrowcloughjn
709,video/avi,10/5/2008,3,ieykelboschjo
710,image/tiff,4/22/2009,19,rbrickwoodjp
711,application/pdf,9/9/2016,4,sclemoesjq
712,video/x-mpeg,9/13/2019,8,gclaypooljr
713,application/x-excel,1/3/2020,2,flunnonjs
714,application/x-excel,2/18/2011,12,twindeattjt
715,video/quicktime,1/31/2011,3,ltinklerju
716,video/msvideo,5/5/2009,5,iloveardjv
717,image/jpeg,2/10/2021,5,aspencockjw
718,application/mspowerpoint,2/19/2013,23,lwiltshawjx
719,video/mpeg,12/12/2009,5,nbumphreyjy
720,application/x-msexcel,10/22/2017,12,nwhichelowjz
721,video/x-msvideo,12/10/2021,4,mettyk0
722,video/x-msvideo,11/20/2016,6,gkencottk1
723,text/plain,3/7/2024,9,dwhittonk2
724,application/x-msexcel,12/1/2015,10,mfarrallk3
725,application/excel,9/13/2012,4,mlightbournk4
726,video/mpeg,2/8/2023,20,tstockoek5
727,image/x-tiff,9/16/2017,5,psauvank6
728,video/x-msvideo,3/6/2012,4,jdurrank7
729,image/gif,11/4/2020,5,bhallmarkk8
730,application/vnd.ms-powerpoint,2/20/2013,7,lhourihanek9
731,video/x-msvideo,6/26/2020,2,apowderhamka
732,image/x-tiff,6/27/2017,13,wruddellkb
733,image/x-tiff,11/15/2008,6,rsellenkc
734,application/msword,7/24/2010,7,bhowickkd
735,application/x-mspowerpoint,9/2/2011,19,gnarduccike
736,video/mpeg,9/8/2024,11,lroughsedgekf
737,video/avi,7/17/2020,4,gtrehearnekg
738,image/gif,2/10/2022,21,efrosdickkh
739,application/excel,3/6/2008,3,hdooherki
740,video/avi,5/16/2021,10,calldaykj
741,application/msword,1/13/2011,20,kfollenkk
742,application/x-troff-msvideo,1/6/2020,9,mhawthornekl
743,image/x-tiff,11/5/2021,2,tstormkm
744,image/tiff,4/28/2017,17,csearleskn
745,application/x-excel,7/4/2017,11,tcharpinko
746,application/excel,10/24/2010,22,isummerrellkp
747,audio/x-mpeg-3,8/4/2014,14,ekilloughkq
748,application/x-troff-msvideo,2/3/2021,17,eperrotkr
749,image/tiff,5/27/2013,23,vyanyushkinks
750,video/avi,9/18/2008,17,hwyllcockkt
751,application/x-msexcel,4/18/2008,18,ldarterku
752,video/msvideo,7/22/2009,20,lsnookskv
753,image/pjpeg,10/23/2022,11,edelacourkw
754,video/msvideo,7/24/2011,10,emariankx
755,application/vnd.ms-excel,2/18/2020,14,tmcwhinneyky
756,application/msword,12/8/2017,6,vwindrosskz
757,application/x-mspowerpoint,10/22/2019,16,treemel0
758,video/x-mpeg,2/5/2018,20,rethridgel1
759,application/x-excel,6/5/2012,2,acluettl2
760,video/x-mpeg,11/27/2010,10,cglavisl3
761,application/x-troff-msvideo,11/6/2021,3,smcnameel4
762,video/msvideo,5/8/2018,4,wlatheyl5
763,application/x-troff-msvideo,5/20/2010,21,kcahernyl6
764,video/avi,4/24/2013,0,bmcandrewl7
765,application/excel,6/2/2009,4,rgirschl8
766,video/mpeg,9/13/2008,11,mkeayselll9
767,audio/x-mpeg-3,3/26/2011,14,genevoldla
768,video/quicktime,11/12/2022,17,rcoventonlb
769,application/x-excel,1/15/2014,11,egartelllc
770,application/vnd.ms-excel,6/20/2012,20,bmcsweeneyld
771,application/vnd.ms-excel,7/28/2013,6,dfussellle
772,image/tiff,2/27/2012,12,lpattonlf
773,video/mpeg,3/12/2023,2,ppolkinhornlg
774,application/mspowerpoint,4/23/2022,10,ilinsaylh
775,video/mpeg,12/16/2011,13,nharyngtonli
776,video/msvideo,5/21/2014,22,dchartmanlj
777,application/pdf,11/3/2011,6,jmainstonelk
778,image/tiff,12/12/2018,3,adrippsll
779,application/pdf,5/1/2017,10,amoldlm
780,application/powerpoint,6/21/2023,13,bdunbabinln
781,video/mpeg,2/12/2022,11,stimbridgelo
782,image/x-tiff,1/17/2019,3,slarmouthlp
783,image/tiff,3/30/2008,0,rcaselylq
784,application/vnd.ms-powerpoint,4/8/2019,19,ovillelr
785,application/msword,12/22/2011,3,dgrimls
786,image/tiff,10/24/2019,20,odoughartylt
787,video/mpeg,2/19/2016,2,lwybrewlu
788,application/x-troff-msvideo,10/28/2012,22,cdrewetlv
789,video/msvideo,6/1/2019,21,gnotolw
790,application/x-troff-msvideo,1/7/2015,0,jlairdlx
791,video/x-msvideo,7/26/2013,5,shapgoodly
792,video/avi,2/16/2015,1,zgoodhalllz
793,application/x-msexcel,7/13/2010,23,obolerm0
794,application/msword,12/17/2013,11,mgoalleym1
795,application/excel,8/13/2013,4,ppearnem2
796,image/png,10/7/2024,18,hrubinlichtm3
797,image/jpeg,3/6/2020,0,rmilesm4
798,image/tiff,9/11/2022,16,jbezleym5
799,video/x-mpeg,11/20/2021,8,aduckersm6
800,video/x-msvideo,3/20/2015,20,jbramleym7
801,image/tiff,12/19/2008,0,iroartym8
802,video/msvideo,2/17/2019,8,blambrechtsm9
803,video/mpeg,10/21/2018,1,owhitleyma
804,image/pjpeg,4/22/2008,9,sedmandmb
805,image/gif,2/24/2016,13,umcwhinmc
806,application/powerpoint,12/17/2024,11,slowersonmd
807,application/powerpoint,11/30/2023,23,agliddonme
808,application/x-mspowerpoint,10/24/2021,17,pnorthbridgemf
809,application/excel,5/12/2016,21,rfidellimg
810,application/powerpoint,6/14/2014,23,fsempermh
811,audio/x-mpeg-3,12/2/2016,19,sewbankemi
812,application/powerpoint,10/21/2010,11,jravillasmj
813,application/msword,7/30/2020,0,bbistermk
814,audio/mpeg3,7/8/2022,1,rspratlingml
815,application/pdf,1/22/2018,7,mandriesmm
816,video/avi,4/28/2012,11,rmacgaughiemn
817,audio/x-mpeg-3,10/4/2008,6,smcomishmo
818,video/mpeg,2/26/2022,16,handinomp
819,image/gif,2/12/2018,16,lconaghanmq
820,video/mpeg,9/27/2024,10,rmcmonniesmr
821,application/x-excel,8/21/2013,9,yleahyms
822,video/quicktime,4/22/2019,6,jgostlingmt
823,image/tiff,8/20/2019,7,flewteymu
824,video/avi,1/1/2016,19,mgrcicmv
825,video/x-msvideo,1/28/2021,12,clynskeymw
826,image/jpeg,6/23/2024,9,bortsmx
827,application/msword,5/11/2019,11,estowtemy
828,video/x-mpeg,7/8/2015,7,lpomfretmz
829,image/tiff,2/11/2014,18,gcheeversn0
830,image/jpeg,8/12/2022,17,aattenboroughn1
831,image/x-tiff,10/28/2022,23,vgoodlattn2
832,video/avi,5/31/2021,23,mtruelockn3
833,audio/mpeg3,1/19/2019,2,tcagann4
834,application/excel,1/20/2020,13,npoundfordn5
835,video/avi,7/5/2015,11,shonatschn6
836,application/mspowerpoint,9/25/2018,10,dfranekn7
837,application/pdf,9/26/2019,19,jbointonn8
838,application/excel,7/19/2010,3,bcleeren9
839,application/pdf,3/8/2018,6,jfreegardna
840,audio/x-mpeg-3,7/30/2020,7,ndecleennb
841,video/mpeg,7/22/2017,5,dradleighnc
842,image/x-tiff,4/9/2012,18,isiviournd
843,image/png,1/27/2010,19,dgarnsworthyne
844,video/mpeg,4/30/2015,21,mmacfarlanenf
845,image/tiff,3/1/2013,21,sbeaushawng
846,application/vnd.ms-excel,4/30/2019,16,jratledgenh
847,audio/mpeg3,9/9/2016,4,glawlanni
848,application/x-msexcel,11/24/2019,18,ccorbetnj
849,application/pdf,3/17/2016,19,eperoccink
850,video/avi,6/11/2009,15,sbellefontenl
851,audio/mpeg3,1/16/2023,3,tcardnonm
852,image/jpeg,5/26/2023,7,gmcmenamynn
853,application/x-excel,12/11/2019,6,edeverallno
854,image/gif,8/28/2022,21,bburlandnp
855,application/x-msexcel,7/22/2023,11,kmcileennq
856,text/plain,8/12/2012,6,sdmitrienkonr
857,application/vnd.ms-powerpoint,11/6/2008,18,lmerriganns
858,image/pjpeg,5/8/2012,1,ztebbittnt
859,image/pjpeg,2/11/2019,23,ssmietonnu
860,audio/x-mpeg-3,12/13/2022,10,aedmonsnv
861,video/quicktime,12/9/2009,10,shammernw
862,application/excel,12/21/2017,0,tlelandnx
863,image/x-tiff,10/3/2018,5,htuteny
864,image/pjpeg,2/18/2022,20,pseversnz
865,video/msvideo,1/24/2019,6,cberfordo0
866,image/gif,8/19/2022,1,kkubiceko1
867,video/avi,10/25/2020,4,jmacgibbono2
868,image/tiff,5/11/2014,12,psummonso3
869,application/x-excel,12/11/2015,13,driceo4
870,video/avi,8/2/2019,2,jwooffo5
871,video/x-mpeg,1/26/2024,17,alonglandso6
872,video/x-mpeg,7/26/2010,8,ggoningo7
873,image/jpeg,8/4/2015,13,lphiliparto8
874,image/gif,9/22/2023,0,gdonovino9
875,image/gif,12/11/2012,9,kmapplesoa
876,audio/x-mpeg-3,2/9/2024,14,lstenyngob
877,image/pjpeg,1/28/2009,19,kfindersoc
878,image/tiff,1/25/2009,8,btotterdellod
879,text/plain,3/15/2024,10,sancketilloe
880,application/x-mspowerpoint,6/4/2011,21,gloudeof
881,video/mpeg,7/27/2011,9,kmitchelog
882,audio/mpeg3,8/22/2021,14,sleebetteroh
883,image/gif,10/22/2023,4,logreadyoi
884,video/x-mpeg,5/15/2022,10,hgaskoj
885,video/x-msvideo,8/6/2022,19,jeldersok
886,video/avi,3/12/2012,22,sgambieol
887,video/x-mpeg,2/9/2020,10,sdollinom
888,application/excel,9/18/2008,7,arosenfeldon
889,text/plain,7/11/2019,20,cmcquillenoo
890,image/x-tiff,2/5/2013,4,hbradbrookop
891,image/png,12/17/2010,12,dbrideokeoq
892,image/jpeg,6/19/2018,7,jgibbonsor
893,image/png,8/27/2010,20,jhamlyos
894,audio/x-mpeg-3,4/11/2015,12,dnisbetot
895,text/plain,2/18/2009,10,leddlestonou
896,video/avi,12/7/2018,23,rlegginov
897,video/avi,2/5/2025,14,oellerayow
898,image/gif,9/11/2021,3,golyffox
899,image/tiff,12/25/2024,16,jblindermannoy
900,application/x-excel,1/19/2016,17,mlebarreoz
901,video/mpeg,6/26/2020,23,fbirkp0
902,video/mpeg,2/22/2018,3,rgilgrystp1
903,application/vnd.ms-excel,12/8/2023,3,kimriep2
904,video/mpeg,6/7/2014,20,scarbryp3
905,application/msword,1/2/2024,22,bpiscottip4
906,application/excel,3/13/2020,14,cpentycostp5
907,application/msword,3/31/2017,2,tcrapperp6
908,application/x-troff-msvideo,6/11/2014,20,dbarbaryp7
909,application/vnd.ms-excel,11/30/2023,17,bcarnockp8
910,video/mpeg,7/28/2012,4,prainsdenp9
911,application/powerpoint,10/20/2010,5,dsaunderpa
912,image/gif,7/16/2018,14,tboynepb
913,image/pjpeg,2/23/2020,0,fsansburypc
914,video/avi,6/5/2016,17,bcallendarpd
915,video/quicktime,7/2/2019,18,bbritnellpe
916,application/x-msexcel,1/7/2015,16,msingletonpf
917,image/tiff,6/5/2014,5,lfussiepg
918,image/pjpeg,11/9/2024,9,aolliffph
919,image/x-tiff,9/20/2022,1,cverrillopi
920,text/plain,5/25/2009,19,clegueypj
921,application/x-mspowerpoint,6/13/2021,11,mhalladpk
922,application/excel,10/13/2018,2,zosheilspl
923,video/msvideo,8/22/2011,5,nbernardonpm
924,video/mpeg,4/10/2010,3,mjansapn
925,video/x-msvideo,11/13/2022,5,ucitrinepo
926,audio/mpeg3,4/12/2013,13,canguspp
927,video/mpeg,10/27/2009,1,mparkesonpq
928,image/x-tiff,9/14/2010,17,mclinganpr
929,video/avi,11/24/2019,2,shansieps
930,application/powerpoint,8/16/2014,13,mfalcopt
931,video/x-mpeg,12/4/2022,21,gtinsleypu
932,application/vnd.ms-powerpoint,12/25/2013,11,mgiffpv
933,audio/mpeg3,10/29/2019,9,okinchinpw
934,video/x-msvideo,3/19/2015,13,bbloxholmpx
935,application/x-msexcel,2/10/2021,7,arenhardpy
936,application/excel,10/27/2010,18,cbelsherpz
937,application/x-troff-msvideo,9/17/2014,18,adumphyq0
938,text/plain,11/25/2015,17,aclerkq1
939,application/excel,8/23/2023,13,atortq2
940,video/mpeg,5/21/2008,7,fclaybornq3
941,image/x-tiff,2/25/2023,2,breimerq4
942,application/excel,1/12/2023,5,lcorballyq5
943,image/x-tiff,3/5/2019,20,atyghtq6
944,application/x-excel,11/5/2010,22,pharkenq7
945,application/x-msexcel,1/28/2017,2,jskeeteq8
946,application/powerpoint,10/16/2024,2,wtemprellq9
947,application/msword,6/10/2017,16,cjacobsenqa
948,image/pjpeg,12/15/2011,4,mwayvillqb
949,application/x-msexcel,2/6/2016,18,falredqc
950,video/x-mpeg,6/14/2022,10,kpittwayqd
951,application/vnd.ms-excel,1/29/2015,10,mllorenteqe
952,application/mspowerpoint,3/23/2020,8,wpencotqf
953,application/x-msexcel,7/15/2009,6,aesslementqg
954,audio/mpeg3,12/9/2011,22,nboagqh
955,audio/x-mpeg-3,12/31/2017,15,cyeelesqi
956,image/gif,12/3/2023,21,mbeckensallqj
957,video/quicktime,5/29/2013,6,itethcoteqk
958,application/vnd.ms-powerpoint,4/9/2019,7,ekovelmannql
959,video/msvideo,9/30/2014,15,lmogeyqm
960,application/x-msexcel,10/11/2018,21,emccraineqn
961,application/excel,5/28/2009,21,kbrinicombeqo
962,image/pjpeg,4/10/2020,22,wrawlisonqp
963,image/gif,6/11/2017,8,beppsqq
964,video/mpeg,8/20/2011,12,gfelceqr
965,video/msvideo,11/16/2017,8,reccottqs
966,application/x-excel,9/30/2019,15,ucatchersideqt
967,application/x-troff-msvideo,9/17/2009,14,ddorricottqu
968,video/quicktime,1/1/2015,6,lfrekeqv
969,application/excel,1/29/2023,20,mhoveyqw
970,application/powerpoint,9/12/2019,17,dmckleodqx
971,application/x-excel,11/14/2014,6,bjosefqy
972,text/plain,11/25/2018,14,wleopardqz
973,image/gif,5/15/2019,4,dbartellr0
974,video/x-mpeg,11/8/2019,15,wchettler1
975,image/pjpeg,5/24/2022,5,gtraskr2
976,image/tiff,4/21/2022,19,rmaleckr3
977,video/avi,11/23/2015,20,jguerrir4
978,image/jpeg,7/12/2011,12,tkillingbeckr5
979,application/mspowerpoint,7/17/2023,13,ebritonr6
980,video/avi,1/1/2023,23,abolter7
981,application/excel,10/8/2014,14,hpluesr8
982,application/powerpoint,12/24/2013,20,nfeeheryr9
983,application/msword,8/30/2016,16,pdemangera
984,video/avi,12/31/2016,20,kdulantyrb
985,text/plain,5/12/2024,6,dpachtarc
986,application/powerpoint,6/27/2020,22,rjuzekrd
987,application/vnd.ms-excel,1/13/2018,21,kblindere
988,image/gif,12/7/2017,21,sdenyakinrf
989,application/msword,8/28/2014,19,lbloggrg
990,application/mspowerpoint,7/12/2011,1,cgergrh
991,application/x-msexcel,11/13/2012,11,cleysri
992,application/vnd.ms-excel,11/4/2024,2,lsimoncellirj
993,image/tiff,5/23/2016,2,dkezourecrk
994,application/x-mspowerpoint,2/3/2012,3,hpileticrl
995,application/pdf,8/28/2008,2,cchesworthrm
996,video/msvideo,8/17/2022,15,urubinsaftrn
997,video/mpeg,7/16/2016,14,cgravesonro
998,video/msvideo,5/31/2020,3,kpietruszewiczrp
999,video/avi,10/17/2011,8,plunorq
1000,video/x-msvideo,5/26/2023,15,epiddlehintonrr
